INSERT INTO game (game_id, name, date, team_id) VALUES ('4ac472ed-5e78-4573-b24e-6506198f1f13', '10/3/18', '2018-03-10 18:05:25.228864', 'a75b7d1c-709d-4116-8d2b-0665841b3981');
INSERT INTO game_player (player_id, game_id, name) VALUES ('33019444-a2ed-4587-945c-ef2e3a5e814c', '4ac472ed-5e78-4573-b24e-6506198f1f13', 'Luka');
INSERT INTO game_player (player_id, game_id, name) VALUES ('b7b81023-5713-47a7-9b64-f9cca650ed03', '4ac472ed-5e78-4573-b24e-6506198f1f13', 'Jan');
INSERT INTO game_player (player_id, game_id, name) VALUES ('96f9a4e8-3e94-4241-9fd9-a99c30a84460', '4ac472ed-5e78-4573-b24e-6506198f1f13', 'Nejc');
INSERT INTO game_player (player_id, game_id, name) VALUES ('67a44a93-ddd3-4355-b84f-be654b1614b9', '4ac472ed-5e78-4573-b24e-6506198f1f13', 'Erik');
INSERT INTO game_player (player_id, game_id, name) VALUES ('aa5ac2d0-afca-42dc-ab61-35fd3019e686', '4d5318cb-a224-4391-bf29-b57b50026c6b', 'Jan');
INSERT INTO game_player (player_id, game_id, name) VALUES ('7c1fd32b-7c22-4082-88b1-bb7fe26abae5', '4d5318cb-a224-4391-bf29-b57b50026c6b', 'Erik');
INSERT INTO game_player (player_id, game_id, name) VALUES ('f25a1ea6-3d2c-4036-ab32-6f958171fa39', '4d5318cb-a224-4391-bf29-b57b50026c6b', 'Nejc');
INSERT INTO game_player (player_id, game_id, name) VALUES ('d1e1488e-1c20-46e7-bbd8-6f8d7abd7d5a', '4d5318cb-a224-4391-bf29-b57b50026c6b', 'Luka');
INSERT INTO game_player (player_id, game_id, name) VALUES ('99ddbcf8-fc6b-494f-8b9e-2ce99f8666d5', '615dd50d-7bc6-4be9-8ded-f5d7ba2037fe', 'Erik');
INSERT INTO game_player (player_id, game_id, name) VALUES ('2d6c6107-4fe2-4cbf-ba54-9c5560ee4039', '615dd50d-7bc6-4be9-8ded-f5d7ba2037fe', 'Jan');
INSERT INTO game_player (player_id, game_id, name) VALUES ('5a867dc3-edd9-4377-908b-a0b24fc676ff', '615dd50d-7bc6-4be9-8ded-f5d7ba2037fe', 'Luka');
INSERT INTO game_player (player_id, game_id, name) VALUES ('05f3c727-b743-41cd-b137-15572a1a00f6', '615dd50d-7bc6-4be9-8ded-f5d7ba2037fe', 'Nejc');
INSERT INTO game_player (player_id, game_id, name) VALUES ('7001103d-7349-453f-82e3-3eaa5fbfed4e', '85dd27bb-8705-48b0-af89-48b751b42008', 'Erik');
INSERT INTO game_player (player_id, game_id, name) VALUES ('acdb30bb-da58-4f5c-a7b3-5489a9341134', '85dd27bb-8705-48b0-af89-48b751b42008', 'Jan');
INSERT INTO game_player (player_id, game_id, name) VALUES ('8da9a54f-4ac9-4413-bc8a-383dceffaedd', '85dd27bb-8705-48b0-af89-48b751b42008', 'Luka');
INSERT INTO game_player (player_id, game_id, name) VALUES ('bcaa812c-48e3-49fa-b5f4-16b0ca49267c', '85dd27bb-8705-48b0-af89-48b751b42008', 'Nejc');
INSERT INTO game_player (player_id, game_id, name) VALUES ('d6718a7e-0efc-4bf8-a26a-b14f7caf8af0', '4fb7eea7-f158-4415-931f-807985d74ccc', 'Erik');
INSERT INTO game_player (player_id, game_id, name) VALUES ('00e6946c-0967-4de5-b879-8771e20e1258', '4fb7eea7-f158-4415-931f-807985d74ccc', 'Jan');
INSERT INTO game_player (player_id, game_id, name) VALUES ('0c10a71f-cec1-46ba-8608-7e12c8e4ea86', '4fb7eea7-f158-4415-931f-807985d74ccc', 'Luka');
INSERT INTO game_player (player_id, game_id, name) VALUES ('1eff5072-0191-44bf-bece-8088137717b7', '4fb7eea7-f158-4415-931f-807985d74ccc', 'Nejc');
INSERT INTO game_player (player_id, game_id, name) VALUES ('465bb762-7d1f-410f-bc60-afb95cf07235', '52866d85-a2e6-4a14-bc31-a0f77d6089c7', 'Erik');
INSERT INTO game_player (player_id, game_id, name) VALUES ('207d880f-c7ec-4404-b5db-a96da109cfc5', '52866d85-a2e6-4a14-bc31-a0f77d6089c7', 'Jan');
INSERT INTO game_player (player_id, game_id, name) VALUES ('fe2f08d5-2b13-4e98-a4c4-9141de0d69e0', '52866d85-a2e6-4a14-bc31-a0f77d6089c7', 'Luka');
INSERT INTO game_player (player_id, game_id, name) VALUES ('60b173b5-5ec1-4dbc-b2c9-65d246198961', '52866d85-a2e6-4a14-bc31-a0f77d6089c7', 'Nejc');
INSERT INTO game_player (player_id, game_id, name) VALUES ('99d0e8db-ed5f-4f46-85be-031de8924037', '9c260f06-199f-4102-96b1-dddaaf48ff7e', 'Erik');
INSERT INTO game_player (player_id, game_id, name) VALUES ('87c4faba-9ae0-4215-9c20-f86f304e07b9', '9c260f06-199f-4102-96b1-dddaaf48ff7e', 'Asd');
INSERT INTO game_player (player_id, game_id, name) VALUES ('c57bfcb2-9101-429f-914e-cfe1e61e1176', '9c260f06-199f-4102-96b1-dddaaf48ff7e', 'sadaoo');
INSERT INTO game_player (player_id, game_id, name) VALUES ('eb9593bf-3a3d-46c8-bf02-3d24555f8788', '9c260f06-199f-4102-96b1-dddaaf48ff7e', 'asodia');
INSERT INTO game_player (player_id, game_id, name) VALUES ('70de1330-3d8f-47f0-92cd-3aa0c4b21c5b', '5f1e8f4e-c7eb-4f45-aa1c-31102ed65860', 'Erikaaa');
INSERT INTO game_player (player_id, game_id, name) VALUES ('706a3346-2268-41e2-a3f5-f07765a3c8c4', '5f1e8f4e-c7eb-4f45-aa1c-31102ed65860', 'Janaaa');
INSERT INTO game_player (player_id, game_id, name) VALUES ('e6b31a80-49f3-42dc-a2fa-45d603f0c6f0', '5f1e8f4e-c7eb-4f45-aa1c-31102ed65860', 'Lukaaaa');
INSERT INTO game_player (player_id, game_id, name) VALUES ('c2a13b76-0b6a-4737-9d98-4ccc006cf7d0', '5f1e8f4e-c7eb-4f45-aa1c-31102ed65860', 'Nejcaaa');
INSERT INTO game_player (player_id, game_id, name) VALUES ('70de1330-3d8f-47f0-92cd-3aa0c4b21c5b', '779a2f79-e36c-49ca-8019-c6aa74b1216c', 'Erikaaa');
INSERT INTO game_player (player_id, game_id, name) VALUES ('706a3346-2268-41e2-a3f5-f07765a3c8c4', '779a2f79-e36c-49ca-8019-c6aa74b1216c', 'Janaaa');
INSERT INTO game_player (player_id, game_id, name) VALUES ('e6b31a80-49f3-42dc-a2fa-45d603f0c6f0', '779a2f79-e36c-49ca-8019-c6aa74b1216c', 'Lukaaaa');
INSERT INTO game_player (player_id, game_id, name) VALUES ('c2a13b76-0b6a-4737-9d98-4ccc006cf7d0', '779a2f79-e36c-49ca-8019-c6aa74b1216c', 'Nejcaaa');
INSERT INTO game_player (player_id, game_id, name) VALUES ('70de1330-3d8f-47f0-92cd-3aa0c4b21c5b', 'b2a8a344-b721-46f9-a373-0dda426da5ca', 'Erik aabb');
INSERT INTO game_player (player_id, game_id, name) VALUES ('706a3346-2268-41e2-a3f5-f07765a3c8c4', 'b2a8a344-b721-46f9-a373-0dda426da5ca', 'Jan basd');
INSERT INTO game_player (player_id, game_id, name) VALUES ('e6b31a80-49f3-42dc-a2fa-45d603f0c6f0', 'b2a8a344-b721-46f9-a373-0dda426da5ca', 'Luka asdas');
INSERT INTO game_player (player_id, game_id, name) VALUES ('c2a13b76-0b6a-4737-9d98-4ccc006cf7d0', 'b2a8a344-b721-46f9-a373-0dda426da5ca', 'Nejc asd a');
INSERT INTO round (round_id, game_id, game_type, difference, won, lead_player_id, supporting_player_id, is_klop, contra_factor, mond_fang_player_id, round_number, pagat_fang_player_id) VALUES ('4c559fcd-4efc-4ed7-8fea-cf2d1d68445b', '4ac472ed-5e78-4573-b24e-6506198f1f13', 30, 25, true, '33019444-a2ed-4587-945c-ef2e3a5e814c', 'b7b81023-5713-47a7-9b64-f9cca650ed03', false, 1, null, 1, null);
INSERT INTO round (round_id, game_id, game_type, difference, won, lead_player_id, supporting_player_id, is_klop, contra_factor, mond_fang_player_id, round_number, pagat_fang_player_id) VALUES ('b83b356d-f963-41ab-8d60-531bac20a6cb', '4ac472ed-5e78-4573-b24e-6506198f1f13', 70, 0, false, '96f9a4e8-3e94-4241-9fd9-a99c30a84460', null, false, 1, null, 2, null);
INSERT INTO round (round_id, game_id, game_type, difference, won, lead_player_id, supporting_player_id, is_klop, contra_factor, mond_fang_player_id, round_number, pagat_fang_player_id) VALUES ('0eef9512-6385-4eaa-9bb4-d1fdb6f6c0b1', '4ac472ed-5e78-4573-b24e-6506198f1f13', 30, 0, true, '96f9a4e8-3e94-4241-9fd9-a99c30a84460', '67a44a93-ddd3-4355-b84f-be654b1614b9', false, 1, null, 3, null);
INSERT INTO round (round_id, game_id, game_type, difference, won, lead_player_id, supporting_player_id, is_klop, contra_factor, mond_fang_player_id, round_number, pagat_fang_player_id) VALUES ('d9305f76-4a81-4dfd-9699-4d5a851807cd', '4ac472ed-5e78-4573-b24e-6506198f1f13', 20, 20, true, 'b7b81023-5713-47a7-9b64-f9cca650ed03', null, false, 1, null, 4, null);
INSERT INTO round (round_id, game_id, game_type, difference, won, lead_player_id, supporting_player_id, is_klop, contra_factor, mond_fang_player_id, round_number, pagat_fang_player_id) VALUES ('294595b6-1227-4226-b884-8f42cc50d005', '4ac472ed-5e78-4573-b24e-6506198f1f13', 30, 10, true, '96f9a4e8-3e94-4241-9fd9-a99c30a84460', '33019444-a2ed-4587-945c-ef2e3a5e814c', false, 1, null, 5, null);
INSERT INTO round (round_id, game_id, game_type, difference, won, lead_player_id, supporting_player_id, is_klop, contra_factor, mond_fang_player_id, round_number, pagat_fang_player_id) VALUES ('a1a66455-4bd8-4457-b31c-1bc4a8e3a0fa', '4ac472ed-5e78-4573-b24e-6506198f1f13', 30, 15, true, 'b7b81023-5713-47a7-9b64-f9cca650ed03', '96f9a4e8-3e94-4241-9fd9-a99c30a84460', false, 1, 'b7b81023-5713-47a7-9b64-f9cca650ed03', 6, null);
INSERT INTO round (round_id, game_id, game_type, difference, won, lead_player_id, supporting_player_id, is_klop, contra_factor, mond_fang_player_id, round_number, pagat_fang_player_id) VALUES ('cc718593-0b83-4420-8065-1428e42dcc14', '4ac472ed-5e78-4573-b24e-6506198f1f13', 30, 10, true, 'b7b81023-5713-47a7-9b64-f9cca650ed03', '67a44a93-ddd3-4355-b84f-be654b1614b9', false, 1, null, 7, null);
INSERT INTO round (round_id, game_id, game_type, difference, won, lead_player_id, supporting_player_id, is_klop, contra_factor, mond_fang_player_id, round_number, pagat_fang_player_id) VALUES ('ab1a4693-19ee-469d-a261-18351c46aba1', '4ac472ed-5e78-4573-b24e-6506198f1f13', 30, 25, true, 'b7b81023-5713-47a7-9b64-f9cca650ed03', '96f9a4e8-3e94-4241-9fd9-a99c30a84460', false, 1, null, 8, null);
INSERT INTO round (round_id, game_id, game_type, difference, won, lead_player_id, supporting_player_id, is_klop, contra_factor, mond_fang_player_id, round_number, pagat_fang_player_id) VALUES ('d2b32513-e1f4-40fe-9aec-d4656e770281', '4ac472ed-5e78-4573-b24e-6506198f1f13', 30, 15, true, '96f9a4e8-3e94-4241-9fd9-a99c30a84460', '67a44a93-ddd3-4355-b84f-be654b1614b9', false, 1, null, 9, null);
INSERT INTO round (round_id, game_id, game_type, difference, won, lead_player_id, supporting_player_id, is_klop, contra_factor, mond_fang_player_id, round_number, pagat_fang_player_id) VALUES ('f5e6a545-a824-464e-a088-4c05084073d7', '4ac472ed-5e78-4573-b24e-6506198f1f13', 30, 25, true, '33019444-a2ed-4587-945c-ef2e3a5e814c', '96f9a4e8-3e94-4241-9fd9-a99c30a84460', false, 1, '67a44a93-ddd3-4355-b84f-be654b1614b9', 10, null);
INSERT INTO round (round_id, game_id, game_type, difference, won, lead_player_id, supporting_player_id, is_klop, contra_factor, mond_fang_player_id, round_number, pagat_fang_player_id) VALUES ('3e249f71-d8ed-46dc-982e-f0b4883cabfe', '4ac472ed-5e78-4573-b24e-6506198f1f13', 30, 0, false, 'b7b81023-5713-47a7-9b64-f9cca650ed03', null, false, 1, null, 11, null);
INSERT INTO round (round_id, game_id, game_type, difference, won, lead_player_id, supporting_player_id, is_klop, contra_factor, mond_fang_player_id, round_number, pagat_fang_player_id) VALUES ('dde244d6-2d83-4095-8fc6-aa3a19bd67fc', '4ac472ed-5e78-4573-b24e-6506198f1f13', 30, 10, false, 'b7b81023-5713-47a7-9b64-f9cca650ed03', '67a44a93-ddd3-4355-b84f-be654b1614b9', false, 1, null, 12, null);
INSERT INTO round (round_id, game_id, game_type, difference, won, lead_player_id, supporting_player_id, is_klop, contra_factor, mond_fang_player_id, round_number, pagat_fang_player_id) VALUES ('e75a5c84-09fe-4cf5-bc8f-494a2d665592', '4ac472ed-5e78-4573-b24e-6506198f1f13', 30, 10, true, '67a44a93-ddd3-4355-b84f-be654b1614b9', 'b7b81023-5713-47a7-9b64-f9cca650ed03', false, 1, null, 13, null);
INSERT INTO round (round_id, game_id, game_type, difference, won, lead_player_id, supporting_player_id, is_klop, contra_factor, mond_fang_player_id, round_number, pagat_fang_player_id) VALUES ('a9b995b9-7288-4557-831f-6a90f5488881', '4ac472ed-5e78-4573-b24e-6506198f1f13', 30, 20, true, '67a44a93-ddd3-4355-b84f-be654b1614b9', '96f9a4e8-3e94-4241-9fd9-a99c30a84460', false, 1, null, 14, null);
INSERT INTO round (round_id, game_id, game_type, difference, won, lead_player_id, supporting_player_id, is_klop, contra_factor, mond_fang_player_id, round_number, pagat_fang_player_id) VALUES ('19413e3c-360e-4f6e-bbed-0c6414167074', '4ac472ed-5e78-4573-b24e-6506198f1f13', 30, 10, true, '67a44a93-ddd3-4355-b84f-be654b1614b9', '33019444-a2ed-4587-945c-ef2e3a5e814c', false, 1, '96f9a4e8-3e94-4241-9fd9-a99c30a84460', 15, null);
INSERT INTO round (round_id, game_id, game_type, difference, won, lead_player_id, supporting_player_id, is_klop, contra_factor, mond_fang_player_id, round_number, pagat_fang_player_id) VALUES ('3b4bf4aa-a34c-4430-8675-ca618ae1371b', '4ac472ed-5e78-4573-b24e-6506198f1f13', 70, 0, false, 'b7b81023-5713-47a7-9b64-f9cca650ed03', null, false, 1, null, 16, null);
INSERT INTO round (round_id, game_id, game_type, difference, won, lead_player_id, supporting_player_id, is_klop, contra_factor, mond_fang_player_id, round_number, pagat_fang_player_id) VALUES ('e7fe1439-7a9f-4531-9a0d-101402c2b8f2', '4ac472ed-5e78-4573-b24e-6506198f1f13', 30, 5, true, '33019444-a2ed-4587-945c-ef2e3a5e814c', 'b7b81023-5713-47a7-9b64-f9cca650ed03', false, 1, null, 17, null);
INSERT INTO round (round_id, game_id, game_type, difference, won, lead_player_id, supporting_player_id, is_klop, contra_factor, mond_fang_player_id, round_number, pagat_fang_player_id) VALUES ('92642540-2b53-4eec-9d51-c16900d6bfee', '4ac472ed-5e78-4573-b24e-6506198f1f13', 30, 10, true, '33019444-a2ed-4587-945c-ef2e3a5e814c', '67a44a93-ddd3-4355-b84f-be654b1614b9', false, 1, null, 18, null);
INSERT INTO round (round_id, game_id, game_type, difference, won, lead_player_id, supporting_player_id, is_klop, contra_factor, mond_fang_player_id, round_number, pagat_fang_player_id) VALUES ('fc5d305f-ef05-4df3-9fbc-00843257b340', '4ac472ed-5e78-4573-b24e-6506198f1f13', 30, 20, true, '33019444-a2ed-4587-945c-ef2e3a5e814c', '96f9a4e8-3e94-4241-9fd9-a99c30a84460', false, 1, null, 19, null);
INSERT INTO round (round_id, game_id, game_type, difference, won, lead_player_id, supporting_player_id, is_klop, contra_factor, mond_fang_player_id, round_number, pagat_fang_player_id) VALUES ('d5137edb-9c56-4dcb-83f5-cf1f8f75d063', '4ac472ed-5e78-4573-b24e-6506198f1f13', 20, 5, false, 'b7b81023-5713-47a7-9b64-f9cca650ed03', '33019444-a2ed-4587-945c-ef2e3a5e814c', false, 1, null, 20, null);
INSERT INTO round (round_id, game_id, game_type, difference, won, lead_player_id, supporting_player_id, is_klop, contra_factor, mond_fang_player_id, round_number, pagat_fang_player_id) VALUES ('5b674936-ed1c-4203-8370-01826eeedcbc', '4ac472ed-5e78-4573-b24e-6506198f1f13', 30, 5, false, '33019444-a2ed-4587-945c-ef2e3a5e814c', '67a44a93-ddd3-4355-b84f-be654b1614b9', false, 1, null, 21, null);
INSERT INTO round (round_id, game_id, game_type, difference, won, lead_player_id, supporting_player_id, is_klop, contra_factor, mond_fang_player_id, round_number, pagat_fang_player_id) VALUES ('fd58eb73-2501-47a0-a5c1-d093eaa4d228', '4ac472ed-5e78-4573-b24e-6506198f1f13', 30, 5, false, '33019444-a2ed-4587-945c-ef2e3a5e814c', '96f9a4e8-3e94-4241-9fd9-a99c30a84460', false, 2, null, 22, null);
INSERT INTO round (round_id, game_id, game_type, difference, won, lead_player_id, supporting_player_id, is_klop, contra_factor, mond_fang_player_id, round_number, pagat_fang_player_id) VALUES ('bef2861a-e60f-4436-b669-175521467ae1', '4ac472ed-5e78-4573-b24e-6506198f1f13', 30, 15, true, '96f9a4e8-3e94-4241-9fd9-a99c30a84460', 'b7b81023-5713-47a7-9b64-f9cca650ed03', false, 1, null, 23, null);
INSERT INTO round (round_id, game_id, game_type, difference, won, lead_player_id, supporting_player_id, is_klop, contra_factor, mond_fang_player_id, round_number, pagat_fang_player_id) VALUES ('bbdd65c0-0b97-48a9-8eb2-b25f157a186b', '4ac472ed-5e78-4573-b24e-6506198f1f13', 20, 10, true, 'b7b81023-5713-47a7-9b64-f9cca650ed03', '96f9a4e8-3e94-4241-9fd9-a99c30a84460', false, 1, null, 24, null);
INSERT INTO round (round_id, game_id, game_type, difference, won, lead_player_id, supporting_player_id, is_klop, contra_factor, mond_fang_player_id, round_number, pagat_fang_player_id) VALUES ('8dcd75f9-379d-43f6-9056-6df06b961d53', '4ac472ed-5e78-4573-b24e-6506198f1f13', 30, 20, true, '96f9a4e8-3e94-4241-9fd9-a99c30a84460', 'b7b81023-5713-47a7-9b64-f9cca650ed03', false, 1, null, 25, null);
INSERT INTO round (round_id, game_id, game_type, difference, won, lead_player_id, supporting_player_id, is_klop, contra_factor, mond_fang_player_id, round_number, pagat_fang_player_id) VALUES ('7edf636b-1f5d-4277-9b7c-cb7b06cd2436', '4ac472ed-5e78-4573-b24e-6506198f1f13', 30, 5, false, '33019444-a2ed-4587-945c-ef2e3a5e814c', 'b7b81023-5713-47a7-9b64-f9cca650ed03', false, 1, null, 26, null);
INSERT INTO round (round_id, game_id, game_type, difference, won, lead_player_id, supporting_player_id, is_klop, contra_factor, mond_fang_player_id, round_number, pagat_fang_player_id) VALUES ('1b7a44d6-c94e-4c1b-83ea-d051d7a71365', '4ac472ed-5e78-4573-b24e-6506198f1f13', 30, 5, true, 'b7b81023-5713-47a7-9b64-f9cca650ed03', '67a44a93-ddd3-4355-b84f-be654b1614b9', false, 1, null, 27, null);
INSERT INTO round (round_id, game_id, game_type, difference, won, lead_player_id, supporting_player_id, is_klop, contra_factor, mond_fang_player_id, round_number, pagat_fang_player_id) VALUES ('ed12cc1b-6a74-42cc-a63a-a57d72723a1d', '4ac472ed-5e78-4573-b24e-6506198f1f13', 30, 5, true, 'b7b81023-5713-47a7-9b64-f9cca650ed03', '96f9a4e8-3e94-4241-9fd9-a99c30a84460', false, 1, null, 28, null);
INSERT INTO round (round_id, game_id, game_type, difference, won, lead_player_id, supporting_player_id, is_klop, contra_factor, mond_fang_player_id, round_number, pagat_fang_player_id) VALUES ('7c4adae4-3846-497e-ae15-ab24e8b187dc', '4ac472ed-5e78-4573-b24e-6506198f1f13', 30, 10, true, 'b7b81023-5713-47a7-9b64-f9cca650ed03', '96f9a4e8-3e94-4241-9fd9-a99c30a84460', false, 1, null, 29, null);
INSERT INTO round (round_id, game_id, game_type, difference, won, lead_player_id, supporting_player_id, is_klop, contra_factor, mond_fang_player_id, round_number, pagat_fang_player_id) VALUES ('6b1a4eab-dd87-41d4-a261-834f499bf2b0', '4ac472ed-5e78-4573-b24e-6506198f1f13', 30, 10, true, 'b7b81023-5713-47a7-9b64-f9cca650ed03', '67a44a93-ddd3-4355-b84f-be654b1614b9', false, 1, null, 30, null);
INSERT INTO round (round_id, game_id, game_type, difference, won, lead_player_id, supporting_player_id, is_klop, contra_factor, mond_fang_player_id, round_number, pagat_fang_player_id) VALUES ('c01c1aa2-7c50-432c-a3c9-2f018bf9594e', '4ac472ed-5e78-4573-b24e-6506198f1f13', 30, 15, true, 'b7b81023-5713-47a7-9b64-f9cca650ed03', '33019444-a2ed-4587-945c-ef2e3a5e814c', false, 1, null, 31, null);
INSERT INTO round (round_id, game_id, game_type, difference, won, lead_player_id, supporting_player_id, is_klop, contra_factor, mond_fang_player_id, round_number, pagat_fang_player_id) VALUES ('4e024cf0-8221-4cf1-8f94-635db4071ecb', '4ac472ed-5e78-4573-b24e-6506198f1f13', 30, 15, true, 'b7b81023-5713-47a7-9b64-f9cca650ed03', '96f9a4e8-3e94-4241-9fd9-a99c30a84460', false, 1, null, 32, null);
INSERT INTO round (round_id, game_id, game_type, difference, won, lead_player_id, supporting_player_id, is_klop, contra_factor, mond_fang_player_id, round_number, pagat_fang_player_id) VALUES ('f3fc4417-7827-43e9-9363-108113ebaf87', '4ac472ed-5e78-4573-b24e-6506198f1f13', 30, 15, true, '33019444-a2ed-4587-945c-ef2e3a5e814c', '67a44a93-ddd3-4355-b84f-be654b1614b9', false, 1, null, 33, null);
INSERT INTO round (round_id, game_id, game_type, difference, won, lead_player_id, supporting_player_id, is_klop, contra_factor, mond_fang_player_id, round_number, pagat_fang_player_id) VALUES ('1978b0ac-135a-41bd-bb87-ea5a0bdb0cb3', '4ac472ed-5e78-4573-b24e-6506198f1f13', 30, 5, true, '33019444-a2ed-4587-945c-ef2e3a5e814c', '96f9a4e8-3e94-4241-9fd9-a99c30a84460', false, 1, null, 34, null);
INSERT INTO round (round_id, game_id, game_type, difference, won, lead_player_id, supporting_player_id, is_klop, contra_factor, mond_fang_player_id, round_number, pagat_fang_player_id) VALUES ('5feba028-a62b-4e62-91ef-e81dc2dd80ad', '4ac472ed-5e78-4573-b24e-6506198f1f13', 30, 10, true, 'b7b81023-5713-47a7-9b64-f9cca650ed03', '96f9a4e8-3e94-4241-9fd9-a99c30a84460', false, 1, null, 35, null);
INSERT INTO round (round_id, game_id, game_type, difference, won, lead_player_id, supporting_player_id, is_klop, contra_factor, mond_fang_player_id, round_number, pagat_fang_player_id) VALUES ('18f387ac-b92b-48dd-a466-f2b338536c8d', '4ac472ed-5e78-4573-b24e-6506198f1f13', 30, 20, false, 'b7b81023-5713-47a7-9b64-f9cca650ed03', null, false, 2, null, 36, null);
INSERT INTO round (round_id, game_id, game_type, difference, won, lead_player_id, supporting_player_id, is_klop, contra_factor, mond_fang_player_id, round_number, pagat_fang_player_id) VALUES ('4841896c-090d-4c4d-b20f-e6421ed02bf9', '4ac472ed-5e78-4573-b24e-6506198f1f13', 70, 0, false, '67a44a93-ddd3-4355-b84f-be654b1614b9', null, false, 1, null, 37, null);
INSERT INTO round (round_id, game_id, game_type, difference, won, lead_player_id, supporting_player_id, is_klop, contra_factor, mond_fang_player_id, round_number, pagat_fang_player_id) VALUES ('66802d6e-aad9-40d4-bebd-b7a39608e130', '4ac472ed-5e78-4573-b24e-6506198f1f13', 30, 5, true, 'b7b81023-5713-47a7-9b64-f9cca650ed03', '33019444-a2ed-4587-945c-ef2e3a5e814c', false, 1, null, 38, null);
INSERT INTO round (round_id, game_id, game_type, difference, won, lead_player_id, supporting_player_id, is_klop, contra_factor, mond_fang_player_id, round_number, pagat_fang_player_id) VALUES ('88b275ec-1894-453a-8f8a-8ac4f2f0bcb9', '4ac472ed-5e78-4573-b24e-6506198f1f13', 30, 15, true, 'b7b81023-5713-47a7-9b64-f9cca650ed03', '33019444-a2ed-4587-945c-ef2e3a5e814c', false, 1, null, 39, null);
INSERT INTO round (round_id, game_id, game_type, difference, won, lead_player_id, supporting_player_id, is_klop, contra_factor, mond_fang_player_id, round_number, pagat_fang_player_id) VALUES ('2f984fab-7462-497d-bff1-16462db1bf79', '4ac472ed-5e78-4573-b24e-6506198f1f13', 30, 0, true, 'b7b81023-5713-47a7-9b64-f9cca650ed03', '67a44a93-ddd3-4355-b84f-be654b1614b9', false, 2, null, 40, null);
INSERT INTO round (round_id, game_id, game_type, difference, won, lead_player_id, supporting_player_id, is_klop, contra_factor, mond_fang_player_id, round_number, pagat_fang_player_id) VALUES ('f3176c0f-c025-486f-8456-2364cda26983', '4ac472ed-5e78-4573-b24e-6506198f1f13', 0, 0, false, null, null, true, 1, null, 41, null);
INSERT INTO round (round_id, game_id, game_type, difference, won, lead_player_id, supporting_player_id, is_klop, contra_factor, mond_fang_player_id, round_number, pagat_fang_player_id) VALUES ('05abe49a-aeb6-4933-b19d-f20bbcaa5b23', '4ac472ed-5e78-4573-b24e-6506198f1f13', 30, 35, false, '33019444-a2ed-4587-945c-ef2e3a5e814c', null, false, 2, null, 42, null);
INSERT INTO round (round_id, game_id, game_type, difference, won, lead_player_id, supporting_player_id, is_klop, contra_factor, mond_fang_player_id, round_number, pagat_fang_player_id) VALUES ('64bbb9e6-4ea9-40fa-ab5e-45747aebe17a', '4ac472ed-5e78-4573-b24e-6506198f1f13', 30, 10, true, 'b7b81023-5713-47a7-9b64-f9cca650ed03', '33019444-a2ed-4587-945c-ef2e3a5e814c', false, 1, null, 43, null);
INSERT INTO round (round_id, game_id, game_type, difference, won, lead_player_id, supporting_player_id, is_klop, contra_factor, mond_fang_player_id, round_number, pagat_fang_player_id) VALUES ('704b54bb-0133-46ff-8b00-8ef2493baab4', '4ac472ed-5e78-4573-b24e-6506198f1f13', 30, 10, true, '33019444-a2ed-4587-945c-ef2e3a5e814c', 'b7b81023-5713-47a7-9b64-f9cca650ed03', false, 1, null, 44, null);
INSERT INTO round (round_id, game_id, game_type, difference, won, lead_player_id, supporting_player_id, is_klop, contra_factor, mond_fang_player_id, round_number, pagat_fang_player_id) VALUES ('f54a6851-81ca-449e-9a91-fa80db1936ea', '4ac472ed-5e78-4573-b24e-6506198f1f13', 30, 5, true, '96f9a4e8-3e94-4241-9fd9-a99c30a84460', '33019444-a2ed-4587-945c-ef2e3a5e814c', false, 1, null, 45, null);
INSERT INTO round (round_id, game_id, game_type, difference, won, lead_player_id, supporting_player_id, is_klop, contra_factor, mond_fang_player_id, round_number, pagat_fang_player_id) VALUES ('12f3318d-f1fd-49f4-8c70-9203aed4ad72', '4ac472ed-5e78-4573-b24e-6506198f1f13', 30, 5, false, '33019444-a2ed-4587-945c-ef2e3a5e814c', '96f9a4e8-3e94-4241-9fd9-a99c30a84460', false, 1, null, 46, null);
INSERT INTO round (round_id, game_id, game_type, difference, won, lead_player_id, supporting_player_id, is_klop, contra_factor, mond_fang_player_id, round_number, pagat_fang_player_id) VALUES ('224847dd-815d-4374-b11c-9427590a95dd', '4ac472ed-5e78-4573-b24e-6506198f1f13', 30, 5, false, '67a44a93-ddd3-4355-b84f-be654b1614b9', '33019444-a2ed-4587-945c-ef2e3a5e814c', false, 1, null, 47, null);
INSERT INTO round (round_id, game_id, game_type, difference, won, lead_player_id, supporting_player_id, is_klop, contra_factor, mond_fang_player_id, round_number, pagat_fang_player_id) VALUES ('e3fa8a00-84c1-4467-b546-fe6c0f6eb87a', '4ac472ed-5e78-4573-b24e-6506198f1f13', 30, 10, true, 'b7b81023-5713-47a7-9b64-f9cca650ed03', '96f9a4e8-3e94-4241-9fd9-a99c30a84460', false, 1, null, 48, null);
INSERT INTO round (round_id, game_id, game_type, difference, won, lead_player_id, supporting_player_id, is_klop, contra_factor, mond_fang_player_id, round_number, pagat_fang_player_id) VALUES ('7178cc96-d6fe-43f4-9f90-ae3aa10c0b66', '4ac472ed-5e78-4573-b24e-6506198f1f13', 30, 5, false, '67a44a93-ddd3-4355-b84f-be654b1614b9', null, false, 1, null, 49, null);
INSERT INTO round (round_id, game_id, game_type, difference, won, lead_player_id, supporting_player_id, is_klop, contra_factor, mond_fang_player_id, round_number, pagat_fang_player_id) VALUES ('cbe90668-4f90-467b-88aa-419e9b6affd8', '4ac472ed-5e78-4573-b24e-6506198f1f13', 30, 20, true, '67a44a93-ddd3-4355-b84f-be654b1614b9', 'b7b81023-5713-47a7-9b64-f9cca650ed03', false, 1, null, 50, null);
INSERT INTO round (round_id, game_id, game_type, difference, won, lead_player_id, supporting_player_id, is_klop, contra_factor, mond_fang_player_id, round_number, pagat_fang_player_id) VALUES ('e649ed84-b022-4190-ac00-9ff086f7cb32', '4ac472ed-5e78-4573-b24e-6506198f1f13', 30, 15, true, 'b7b81023-5713-47a7-9b64-f9cca650ed03', '67a44a93-ddd3-4355-b84f-be654b1614b9', false, 1, null, 51, null);
INSERT INTO round (round_id, game_id, game_type, difference, won, lead_player_id, supporting_player_id, is_klop, contra_factor, mond_fang_player_id, round_number, pagat_fang_player_id) VALUES ('bc6a6811-ae81-41ee-8913-2d772c8ce6d7', '4ac472ed-5e78-4573-b24e-6506198f1f13', 50, 10, true, '67a44a93-ddd3-4355-b84f-be654b1614b9', null, false, 1, null, 52, null);
INSERT INTO round (round_id, game_id, game_type, difference, won, lead_player_id, supporting_player_id, is_klop, contra_factor, mond_fang_player_id, round_number, pagat_fang_player_id) VALUES ('7abb9802-3c64-417f-bc9d-1cc05dfeb671', '4ac472ed-5e78-4573-b24e-6506198f1f13', 30, 15, true, 'b7b81023-5713-47a7-9b64-f9cca650ed03', '67a44a93-ddd3-4355-b84f-be654b1614b9', false, 1, null, 53, null);
INSERT INTO round (round_id, game_id, game_type, difference, won, lead_player_id, supporting_player_id, is_klop, contra_factor, mond_fang_player_id, round_number, pagat_fang_player_id) VALUES ('58497a1f-c5e6-442f-a7b7-75ed21fd8ff4', '4ac472ed-5e78-4573-b24e-6506198f1f13', 40, 30, true, '96f9a4e8-3e94-4241-9fd9-a99c30a84460', null, false, 1, null, 54, null);
INSERT INTO round (round_id, game_id, game_type, difference, won, lead_player_id, supporting_player_id, is_klop, contra_factor, mond_fang_player_id, round_number, pagat_fang_player_id) VALUES ('07f98a55-58a6-4b81-8543-f12f0252b77f', '4ac472ed-5e78-4573-b24e-6506198f1f13', 20, 0, false, 'b7b81023-5713-47a7-9b64-f9cca650ed03', '96f9a4e8-3e94-4241-9fd9-a99c30a84460', false, 1, null, 55, null);
INSERT INTO round (round_id, game_id, game_type, difference, won, lead_player_id, supporting_player_id, is_klop, contra_factor, mond_fang_player_id, round_number, pagat_fang_player_id) VALUES ('fde7de87-d7df-4c38-80b3-824e8eef1323', '4ac472ed-5e78-4573-b24e-6506198f1f13', 30, 0, false, '96f9a4e8-3e94-4241-9fd9-a99c30a84460', '33019444-a2ed-4587-945c-ef2e3a5e814c', false, 1, '67a44a93-ddd3-4355-b84f-be654b1614b9', 56, null);
INSERT INTO round (round_id, game_id, game_type, difference, won, lead_player_id, supporting_player_id, is_klop, contra_factor, mond_fang_player_id, round_number, pagat_fang_player_id) VALUES ('25d872c8-a682-4e1b-8425-c3954d56230c', '4ac472ed-5e78-4573-b24e-6506198f1f13', 70, 0, true, 'b7b81023-5713-47a7-9b64-f9cca650ed03', null, false, 1, null, 57, null);
INSERT INTO round (round_id, game_id, game_type, difference, won, lead_player_id, supporting_player_id, is_klop, contra_factor, mond_fang_player_id, round_number, pagat_fang_player_id) VALUES ('03cb6e62-e7ef-4cdf-9cbb-4d0d2f9af7ee', '4ac472ed-5e78-4573-b24e-6506198f1f13', 40, 0, false, '33019444-a2ed-4587-945c-ef2e3a5e814c', null, false, 1, null, 58, null);
INSERT INTO round (round_id, game_id, game_type, difference, won, lead_player_id, supporting_player_id, is_klop, contra_factor, mond_fang_player_id, round_number, pagat_fang_player_id) VALUES ('880591ba-0420-4685-9a5b-7f1120fdf150', '4ac472ed-5e78-4573-b24e-6506198f1f13', 30, 0, false, '96f9a4e8-3e94-4241-9fd9-a99c30a84460', 'b7b81023-5713-47a7-9b64-f9cca650ed03', false, 1, null, 59, null);
INSERT INTO round (round_id, game_id, game_type, difference, won, lead_player_id, supporting_player_id, is_klop, contra_factor, mond_fang_player_id, round_number, pagat_fang_player_id) VALUES ('d9c7ba08-d558-40fb-9a94-f2bc9eb3d93a', '4ac472ed-5e78-4573-b24e-6506198f1f13', 30, 0, false, '33019444-a2ed-4587-945c-ef2e3a5e814c', '96f9a4e8-3e94-4241-9fd9-a99c30a84460', false, 1, null, 60, null);
INSERT INTO round (round_id, game_id, game_type, difference, won, lead_player_id, supporting_player_id, is_klop, contra_factor, mond_fang_player_id, round_number, pagat_fang_player_id) VALUES ('0a4dd250-cddf-41ea-9eb3-bfe76134b7c8', '4ac472ed-5e78-4573-b24e-6506198f1f13', 70, 0, true, '33019444-a2ed-4587-945c-ef2e3a5e814c', null, false, 1, null, 61, null);
INSERT INTO round (round_id, game_id, game_type, difference, won, lead_player_id, supporting_player_id, is_klop, contra_factor, mond_fang_player_id, round_number, pagat_fang_player_id) VALUES ('00f43b6a-d12d-4a8c-b0d6-d067c8cd15c1', '4ac472ed-5e78-4573-b24e-6506198f1f13', 30, 10, true, 'b7b81023-5713-47a7-9b64-f9cca650ed03', null, false, 1, null, 62, null);
INSERT INTO round_modifier (round_id, team, announced, contra, modifier_type) VALUES ('4c559fcd-4efc-4ed7-8fea-cf2d1d68445b', 1, false, 1, 'trula');
INSERT INTO round_modifier (round_id, team, announced, contra, modifier_type) VALUES ('4c559fcd-4efc-4ed7-8fea-cf2d1d68445b', 1, false, 1, 'kralji');
INSERT INTO round_modifier (round_id, team, announced, contra, modifier_type) VALUES ('4c559fcd-4efc-4ed7-8fea-cf2d1d68445b', 1, true, 1, 'kralj_ultimo');
INSERT INTO round_modifier (round_id, team, announced, contra, modifier_type) VALUES ('4c559fcd-4efc-4ed7-8fea-cf2d1d68445b', 1, false, 1, 'pagat_ultimo');
INSERT INTO round_modifier (round_id, team, announced, contra, modifier_type) VALUES ('0eef9512-6385-4eaa-9bb4-d1fdb6f6c0b1', 1, false, 1, 'trula');
INSERT INTO round_modifier (round_id, team, announced, contra, modifier_type) VALUES ('d9305f76-4a81-4dfd-9699-4d5a851807cd', 1, false, 1, 'kralji');
INSERT INTO round_modifier (round_id, team, announced, contra, modifier_type) VALUES ('d9305f76-4a81-4dfd-9699-4d5a851807cd', 1, false, 1, 'pagat_ultimo');
INSERT INTO round_modifier (round_id, team, announced, contra, modifier_type) VALUES ('a1a66455-4bd8-4457-b31c-1bc4a8e3a0fa', 1, true, 1, 'trula');
INSERT INTO round_modifier (round_id, team, announced, contra, modifier_type) VALUES ('cc718593-0b83-4420-8065-1428e42dcc14', 1, false, 1, 'kralj_ultimo');
INSERT INTO round_modifier (round_id, team, announced, contra, modifier_type) VALUES ('ab1a4693-19ee-469d-a261-18351c46aba1', 1, false, 1, 'trula');
INSERT INTO round_modifier (round_id, team, announced, contra, modifier_type) VALUES ('ab1a4693-19ee-469d-a261-18351c46aba1', 1, false, 1, 'kralji');
INSERT INTO round_modifier (round_id, team, announced, contra, modifier_type) VALUES ('d2b32513-e1f4-40fe-9aec-d4656e770281', 1, false, 1, 'kralji');
INSERT INTO round_modifier (round_id, team, announced, contra, modifier_type) VALUES ('f5e6a545-a824-464e-a088-4c05084073d7', 1, false, 1, 'trula');
INSERT INTO round_modifier (round_id, team, announced, contra, modifier_type) VALUES ('f5e6a545-a824-464e-a088-4c05084073d7', 1, false, 1, 'kralji');
INSERT INTO round_modifier (round_id, team, announced, contra, modifier_type) VALUES ('f5e6a545-a824-464e-a088-4c05084073d7', 1, false, 1, 'kralj_ultimo');
INSERT INTO round_modifier (round_id, team, announced, contra, modifier_type) VALUES ('dde244d6-2d83-4095-8fc6-aa3a19bd67fc', -1, false, 1, 'kralj_ultimo');
INSERT INTO round_modifier (round_id, team, announced, contra, modifier_type) VALUES ('e75a5c84-09fe-4cf5-bc8f-494a2d665592', 1, false, 1, 'trula');
INSERT INTO round_modifier (round_id, team, announced, contra, modifier_type) VALUES ('e75a5c84-09fe-4cf5-bc8f-494a2d665592', 1, false, 1, 'kralj_ultimo');
INSERT INTO round_modifier (round_id, team, announced, contra, modifier_type) VALUES ('a9b995b9-7288-4557-831f-6a90f5488881', 1, false, 1, 'kralj_ultimo');
INSERT INTO round_modifier (round_id, team, announced, contra, modifier_type) VALUES ('e7fe1439-7a9f-4531-9a0d-101402c2b8f2', -1, false, 1, 'kralj_ultimo');
INSERT INTO round_modifier (round_id, team, announced, contra, modifier_type) VALUES ('fc5d305f-ef05-4df3-9fbc-00843257b340', 1, false, 1, 'kralji');
INSERT INTO round_modifier (round_id, team, announced, contra, modifier_type) VALUES ('d5137edb-9c56-4dcb-83f5-cf1f8f75d063', -1, false, 1, 'trula');
INSERT INTO round_modifier (round_id, team, announced, contra, modifier_type) VALUES ('d5137edb-9c56-4dcb-83f5-cf1f8f75d063', -1, true, 1, 'kralji');
INSERT INTO round_modifier (round_id, team, announced, contra, modifier_type) VALUES ('5b674936-ed1c-4203-8370-01826eeedcbc', -1, true, 1, 'trula');
INSERT INTO round_modifier (round_id, team, announced, contra, modifier_type) VALUES ('bef2861a-e60f-4436-b669-175521467ae1', 1, false, 1, 'trula');
INSERT INTO round_modifier (round_id, team, announced, contra, modifier_type) VALUES ('8dcd75f9-379d-43f6-9056-6df06b961d53', 1, false, 1, 'kralji');
INSERT INTO round_modifier (round_id, team, announced, contra, modifier_type) VALUES ('8dcd75f9-379d-43f6-9056-6df06b961d53', 1, true, 1, 'kralj_ultimo');
INSERT INTO round_modifier (round_id, team, announced, contra, modifier_type) VALUES ('7edf636b-1f5d-4277-9b7c-cb7b06cd2436', -1, false, 1, 'trula');
INSERT INTO round_modifier (round_id, team, announced, contra, modifier_type) VALUES ('c01c1aa2-7c50-432c-a3c9-2f018bf9594e', 1, false, 1, 'kralji');
INSERT INTO round_modifier (round_id, team, announced, contra, modifier_type) VALUES ('c01c1aa2-7c50-432c-a3c9-2f018bf9594e', 1, false, 1, 'kralj_ultimo');
INSERT INTO round_modifier (round_id, team, announced, contra, modifier_type) VALUES ('5feba028-a62b-4e62-91ef-e81dc2dd80ad', 1, true, 1, 'kralj_ultimo');
INSERT INTO round_modifier (round_id, team, announced, contra, modifier_type) VALUES ('18f387ac-b92b-48dd-a466-f2b338536c8d', -1, false, 1, 'trula');
INSERT INTO round_modifier (round_id, team, announced, contra, modifier_type) VALUES ('66802d6e-aad9-40d4-bebd-b7a39608e130', 1, false, 1, 'pagat_ultimo');
INSERT INTO round_modifier (round_id, team, announced, contra, modifier_type) VALUES ('2f984fab-7462-497d-bff1-16462db1bf79', 1, false, 1, 'kralj_ultimo');
INSERT INTO round_modifier (round_id, team, announced, contra, modifier_type) VALUES ('704b54bb-0133-46ff-8b00-8ef2493baab4', 1, false, 1, 'kralji');
INSERT INTO round_modifier (round_id, team, announced, contra, modifier_type) VALUES ('12f3318d-f1fd-49f4-8c70-9203aed4ad72', 1, true, 1, 'kralj_ultimo');
INSERT INTO round_modifier (round_id, team, announced, contra, modifier_type) VALUES ('e3fa8a00-84c1-4467-b546-fe6c0f6eb87a', 1, false, 1, 'kralj_ultimo');
INSERT INTO round_modifier (round_id, team, announced, contra, modifier_type) VALUES ('cbe90668-4f90-467b-88aa-419e9b6affd8', 1, true, 1, 'kralj_ultimo');
INSERT INTO round_modifier (round_id, team, announced, contra, modifier_type) VALUES ('e649ed84-b022-4190-ac00-9ff086f7cb32', 1, false, 1, 'pagat_ultimo');
INSERT INTO round_modifier (round_id, team, announced, contra, modifier_type) VALUES ('58497a1f-c5e6-442f-a7b7-75ed21fd8ff4', 1, false, 1, 'kralji');
INSERT INTO round_modifier (round_id, team, announced, contra, modifier_type) VALUES ('880591ba-0420-4685-9a5b-7f1120fdf150', -1, false, 1, 'trula');
INSERT INTO round_modifier (round_id, team, announced, contra, modifier_type) VALUES ('880591ba-0420-4685-9a5b-7f1120fdf150', -1, true, 1, 'kralji');
INSERT INTO round_modifier (round_id, team, announced, contra, modifier_type) VALUES ('00f43b6a-d12d-4a8c-b0d6-d067c8cd15c1', 1, true, 1, 'trula');
INSERT INTO round_modifier (round_id, team, announced, contra, modifier_type) VALUES ('00f43b6a-d12d-4a8c-b0d6-d067c8cd15c1', 1, false, 1, 'pagat_ultimo');
INSERT INTO round_result (game_id, round_id, player_id, player_score, player_radelc_count, player_radelc_used, round_score_change) VALUES ('4ac472ed-5e78-4573-b24e-6506198f1f13', '92642540-2b53-4eec-9d51-c16900d6bfee', '33019444-a2ed-4587-945c-ef2e3a5e814c', 460, 2, 2, 40);
INSERT INTO round_result (game_id, round_id, player_id, player_score, player_radelc_count, player_radelc_used, round_score_change) VALUES ('4ac472ed-5e78-4573-b24e-6506198f1f13', '92642540-2b53-4eec-9d51-c16900d6bfee', '67a44a93-ddd3-4355-b84f-be654b1614b9', 375, 2, 1, 40);
INSERT INTO round_result (game_id, round_id, player_id, player_score, player_radelc_count, player_radelc_used, round_score_change) VALUES ('4ac472ed-5e78-4573-b24e-6506198f1f13', '92642540-2b53-4eec-9d51-c16900d6bfee', '96f9a4e8-3e94-4241-9fd9-a99c30a84460', 455, 2, 1, 0);
INSERT INTO round_result (game_id, round_id, player_id, player_score, player_radelc_count, player_radelc_used, round_score_change) VALUES ('4ac472ed-5e78-4573-b24e-6506198f1f13', '92642540-2b53-4eec-9d51-c16900d6bfee', 'b7b81023-5713-47a7-9b64-f9cca650ed03', 460, 2, 1, 0);
INSERT INTO round_result (game_id, round_id, player_id, player_score, player_radelc_count, player_radelc_used, round_score_change) VALUES ('4ac472ed-5e78-4573-b24e-6506198f1f13', 'fc5d305f-ef05-4df3-9fbc-00843257b340', '33019444-a2ed-4587-945c-ef2e3a5e814c', 520, 2, 2, 60);
INSERT INTO round_result (game_id, round_id, player_id, player_score, player_radelc_count, player_radelc_used, round_score_change) VALUES ('4ac472ed-5e78-4573-b24e-6506198f1f13', 'fc5d305f-ef05-4df3-9fbc-00843257b340', '67a44a93-ddd3-4355-b84f-be654b1614b9', 375, 2, 1, 0);
INSERT INTO round_result (game_id, round_id, player_id, player_score, player_radelc_count, player_radelc_used, round_score_change) VALUES ('4ac472ed-5e78-4573-b24e-6506198f1f13', 'fc5d305f-ef05-4df3-9fbc-00843257b340', '96f9a4e8-3e94-4241-9fd9-a99c30a84460', 515, 2, 1, 60);
INSERT INTO round_result (game_id, round_id, player_id, player_score, player_radelc_count, player_radelc_used, round_score_change) VALUES ('4ac472ed-5e78-4573-b24e-6506198f1f13', 'fc5d305f-ef05-4df3-9fbc-00843257b340', 'b7b81023-5713-47a7-9b64-f9cca650ed03', 460, 2, 1, 0);
INSERT INTO round_result (game_id, round_id, player_id, player_score, player_radelc_count, player_radelc_used, round_score_change) VALUES ('4ac472ed-5e78-4573-b24e-6506198f1f13', 'd5137edb-9c56-4dcb-83f5-cf1f8f75d063', '33019444-a2ed-4587-945c-ef2e3a5e814c', 410, 2, 2, -110);
INSERT INTO round_result (game_id, round_id, player_id, player_score, player_radelc_count, player_radelc_used, round_score_change) VALUES ('4ac472ed-5e78-4573-b24e-6506198f1f13', 'd5137edb-9c56-4dcb-83f5-cf1f8f75d063', '67a44a93-ddd3-4355-b84f-be654b1614b9', 375, 2, 1, 0);
INSERT INTO round_result (game_id, round_id, player_id, player_score, player_radelc_count, player_radelc_used, round_score_change) VALUES ('4ac472ed-5e78-4573-b24e-6506198f1f13', 'd5137edb-9c56-4dcb-83f5-cf1f8f75d063', '96f9a4e8-3e94-4241-9fd9-a99c30a84460', 515, 2, 1, 0);
INSERT INTO round_result (game_id, round_id, player_id, player_score, player_radelc_count, player_radelc_used, round_score_change) VALUES ('4ac472ed-5e78-4573-b24e-6506198f1f13', 'd5137edb-9c56-4dcb-83f5-cf1f8f75d063', 'b7b81023-5713-47a7-9b64-f9cca650ed03', 350, 2, 1, -110);
INSERT INTO round_result (game_id, round_id, player_id, player_score, player_radelc_count, player_radelc_used, round_score_change) VALUES ('4ac472ed-5e78-4573-b24e-6506198f1f13', '5b674936-ed1c-4203-8370-01826eeedcbc', '33019444-a2ed-4587-945c-ef2e3a5e814c', 355, 2, 2, -55);
INSERT INTO round_result (game_id, round_id, player_id, player_score, player_radelc_count, player_radelc_used, round_score_change) VALUES ('4ac472ed-5e78-4573-b24e-6506198f1f13', '5b674936-ed1c-4203-8370-01826eeedcbc', '67a44a93-ddd3-4355-b84f-be654b1614b9', 320, 2, 1, -55);
INSERT INTO round_result (game_id, round_id, player_id, player_score, player_radelc_count, player_radelc_used, round_score_change) VALUES ('4ac472ed-5e78-4573-b24e-6506198f1f13', '5b674936-ed1c-4203-8370-01826eeedcbc', '96f9a4e8-3e94-4241-9fd9-a99c30a84460', 515, 2, 1, 0);
INSERT INTO round_result (game_id, round_id, player_id, player_score, player_radelc_count, player_radelc_used, round_score_change) VALUES ('4ac472ed-5e78-4573-b24e-6506198f1f13', '5b674936-ed1c-4203-8370-01826eeedcbc', 'b7b81023-5713-47a7-9b64-f9cca650ed03', 350, 2, 1, 0);
INSERT INTO round_result (game_id, round_id, player_id, player_score, player_radelc_count, player_radelc_used, round_score_change) VALUES ('4ac472ed-5e78-4573-b24e-6506198f1f13', 'fd58eb73-2501-47a0-a5c1-d093eaa4d228', '33019444-a2ed-4587-945c-ef2e3a5e814c', 285, 2, 2, -70);
INSERT INTO round_result (game_id, round_id, player_id, player_score, player_radelc_count, player_radelc_used, round_score_change) VALUES ('4ac472ed-5e78-4573-b24e-6506198f1f13', 'fd58eb73-2501-47a0-a5c1-d093eaa4d228', '67a44a93-ddd3-4355-b84f-be654b1614b9', 320, 2, 1, 0);
INSERT INTO round_result (game_id, round_id, player_id, player_score, player_radelc_count, player_radelc_used, round_score_change) VALUES ('4ac472ed-5e78-4573-b24e-6506198f1f13', 'fd58eb73-2501-47a0-a5c1-d093eaa4d228', '96f9a4e8-3e94-4241-9fd9-a99c30a84460', 445, 2, 1, -70);
INSERT INTO round_result (game_id, round_id, player_id, player_score, player_radelc_count, player_radelc_used, round_score_change) VALUES ('4ac472ed-5e78-4573-b24e-6506198f1f13', 'fd58eb73-2501-47a0-a5c1-d093eaa4d228', 'b7b81023-5713-47a7-9b64-f9cca650ed03', 350, 2, 1, 0);
INSERT INTO round_result (game_id, round_id, player_id, player_score, player_radelc_count, player_radelc_used, round_score_change) VALUES ('4ac472ed-5e78-4573-b24e-6506198f1f13', 'bef2861a-e60f-4436-b669-175521467ae1', '33019444-a2ed-4587-945c-ef2e3a5e814c', 285, 2, 2, 0);
INSERT INTO round_result (game_id, round_id, player_id, player_score, player_radelc_count, player_radelc_used, round_score_change) VALUES ('4ac472ed-5e78-4573-b24e-6506198f1f13', 'bef2861a-e60f-4436-b669-175521467ae1', '67a44a93-ddd3-4355-b84f-be654b1614b9', 320, 2, 1, 0);
INSERT INTO round_result (game_id, round_id, player_id, player_score, player_radelc_count, player_radelc_used, round_score_change) VALUES ('4ac472ed-5e78-4573-b24e-6506198f1f13', 'bef2861a-e60f-4436-b669-175521467ae1', '96f9a4e8-3e94-4241-9fd9-a99c30a84460', 555, 2, 2, 110);
INSERT INTO round_result (game_id, round_id, player_id, player_score, player_radelc_count, player_radelc_used, round_score_change) VALUES ('4ac472ed-5e78-4573-b24e-6506198f1f13', 'bef2861a-e60f-4436-b669-175521467ae1', 'b7b81023-5713-47a7-9b64-f9cca650ed03', 460, 2, 1, 110);
INSERT INTO round_result (game_id, round_id, player_id, player_score, player_radelc_count, player_radelc_used, round_score_change) VALUES ('4ac472ed-5e78-4573-b24e-6506198f1f13', 'bbdd65c0-0b97-48a9-8eb2-b25f157a186b', '33019444-a2ed-4587-945c-ef2e3a5e814c', 285, 2, 2, 0);
INSERT INTO round_result (game_id, round_id, player_id, player_score, player_radelc_count, player_radelc_used, round_score_change) VALUES ('4ac472ed-5e78-4573-b24e-6506198f1f13', 'bbdd65c0-0b97-48a9-8eb2-b25f157a186b', '67a44a93-ddd3-4355-b84f-be654b1614b9', 320, 2, 1, 0);
INSERT INTO round_result (game_id, round_id, player_id, player_score, player_radelc_count, player_radelc_used, round_score_change) VALUES ('4ac472ed-5e78-4573-b24e-6506198f1f13', 'bbdd65c0-0b97-48a9-8eb2-b25f157a186b', '96f9a4e8-3e94-4241-9fd9-a99c30a84460', 615, 2, 2, 60);
INSERT INTO round_result (game_id, round_id, player_id, player_score, player_radelc_count, player_radelc_used, round_score_change) VALUES ('4ac472ed-5e78-4573-b24e-6506198f1f13', 'bbdd65c0-0b97-48a9-8eb2-b25f157a186b', 'b7b81023-5713-47a7-9b64-f9cca650ed03', 520, 2, 2, 60);
INSERT INTO round_result (game_id, round_id, player_id, player_score, player_radelc_count, player_radelc_used, round_score_change) VALUES ('4ac472ed-5e78-4573-b24e-6506198f1f13', '8dcd75f9-379d-43f6-9056-6df06b961d53', '33019444-a2ed-4587-945c-ef2e3a5e814c', 285, 2, 2, 0);
INSERT INTO round_result (game_id, round_id, player_id, player_score, player_radelc_count, player_radelc_used, round_score_change) VALUES ('4ac472ed-5e78-4573-b24e-6506198f1f13', '8dcd75f9-379d-43f6-9056-6df06b961d53', '67a44a93-ddd3-4355-b84f-be654b1614b9', 320, 2, 1, 0);
INSERT INTO round_result (game_id, round_id, player_id, player_score, player_radelc_count, player_radelc_used, round_score_change) VALUES ('4ac472ed-5e78-4573-b24e-6506198f1f13', '8dcd75f9-379d-43f6-9056-6df06b961d53', '96f9a4e8-3e94-4241-9fd9-a99c30a84460', 695, 2, 2, 80);
INSERT INTO round_result (game_id, round_id, player_id, player_score, player_radelc_count, player_radelc_used, round_score_change) VALUES ('4ac472ed-5e78-4573-b24e-6506198f1f13', '8dcd75f9-379d-43f6-9056-6df06b961d53', 'b7b81023-5713-47a7-9b64-f9cca650ed03', 600, 2, 2, 80);
INSERT INTO round_result (game_id, round_id, player_id, player_score, player_radelc_count, player_radelc_used, round_score_change) VALUES ('4ac472ed-5e78-4573-b24e-6506198f1f13', '7edf636b-1f5d-4277-9b7c-cb7b06cd2436', '33019444-a2ed-4587-945c-ef2e3a5e814c', 240, 2, 2, -45);
INSERT INTO round_result (game_id, round_id, player_id, player_score, player_radelc_count, player_radelc_used, round_score_change) VALUES ('4ac472ed-5e78-4573-b24e-6506198f1f13', '7edf636b-1f5d-4277-9b7c-cb7b06cd2436', '67a44a93-ddd3-4355-b84f-be654b1614b9', 320, 2, 1, 0);
INSERT INTO round_result (game_id, round_id, player_id, player_score, player_radelc_count, player_radelc_used, round_score_change) VALUES ('4ac472ed-5e78-4573-b24e-6506198f1f13', '7edf636b-1f5d-4277-9b7c-cb7b06cd2436', '96f9a4e8-3e94-4241-9fd9-a99c30a84460', 695, 2, 2, 0);
INSERT INTO round_result (game_id, round_id, player_id, player_score, player_radelc_count, player_radelc_used, round_score_change) VALUES ('4ac472ed-5e78-4573-b24e-6506198f1f13', '7edf636b-1f5d-4277-9b7c-cb7b06cd2436', 'b7b81023-5713-47a7-9b64-f9cca650ed03', 555, 2, 2, -45);
INSERT INTO round_result (game_id, round_id, player_id, player_score, player_radelc_count, player_radelc_used, round_score_change) VALUES ('4ac472ed-5e78-4573-b24e-6506198f1f13', '1b7a44d6-c94e-4c1b-83ea-d051d7a71365', '33019444-a2ed-4587-945c-ef2e3a5e814c', 240, 2, 2, 0);
INSERT INTO round_result (game_id, round_id, player_id, player_score, player_radelc_count, player_radelc_used, round_score_change) VALUES ('4ac472ed-5e78-4573-b24e-6506198f1f13', '1b7a44d6-c94e-4c1b-83ea-d051d7a71365', '67a44a93-ddd3-4355-b84f-be654b1614b9', 355, 2, 1, 35);
INSERT INTO round_result (game_id, round_id, player_id, player_score, player_radelc_count, player_radelc_used, round_score_change) VALUES ('4ac472ed-5e78-4573-b24e-6506198f1f13', '1b7a44d6-c94e-4c1b-83ea-d051d7a71365', '96f9a4e8-3e94-4241-9fd9-a99c30a84460', 695, 2, 2, 0);
INSERT INTO round_result (game_id, round_id, player_id, player_score, player_radelc_count, player_radelc_used, round_score_change) VALUES ('4ac472ed-5e78-4573-b24e-6506198f1f13', '1b7a44d6-c94e-4c1b-83ea-d051d7a71365', 'b7b81023-5713-47a7-9b64-f9cca650ed03', 590, 2, 2, 35);
INSERT INTO round_result (game_id, round_id, player_id, player_score, player_radelc_count, player_radelc_used, round_score_change) VALUES ('4ac472ed-5e78-4573-b24e-6506198f1f13', 'ed12cc1b-6a74-42cc-a63a-a57d72723a1d', '33019444-a2ed-4587-945c-ef2e3a5e814c', 240, 2, 2, 0);
INSERT INTO round_result (game_id, round_id, player_id, player_score, player_radelc_count, player_radelc_used, round_score_change) VALUES ('4ac472ed-5e78-4573-b24e-6506198f1f13', 'ed12cc1b-6a74-42cc-a63a-a57d72723a1d', '67a44a93-ddd3-4355-b84f-be654b1614b9', 355, 2, 1, 0);
INSERT INTO round_result (game_id, round_id, player_id, player_score, player_radelc_count, player_radelc_used, round_score_change) VALUES ('4ac472ed-5e78-4573-b24e-6506198f1f13', 'ed12cc1b-6a74-42cc-a63a-a57d72723a1d', '96f9a4e8-3e94-4241-9fd9-a99c30a84460', 730, 2, 2, 35);
INSERT INTO round_result (game_id, round_id, player_id, player_score, player_radelc_count, player_radelc_used, round_score_change) VALUES ('4ac472ed-5e78-4573-b24e-6506198f1f13', 'ed12cc1b-6a74-42cc-a63a-a57d72723a1d', 'b7b81023-5713-47a7-9b64-f9cca650ed03', 625, 2, 2, 35);
INSERT INTO round_result (game_id, round_id, player_id, player_score, player_radelc_count, player_radelc_used, round_score_change) VALUES ('4ac472ed-5e78-4573-b24e-6506198f1f13', '4c559fcd-4efc-4ed7-8fea-cf2d1d68445b', '33019444-a2ed-4587-945c-ef2e3a5e814c', 120, 0, 0, 120);
INSERT INTO round_result (game_id, round_id, player_id, player_score, player_radelc_count, player_radelc_used, round_score_change) VALUES ('4ac472ed-5e78-4573-b24e-6506198f1f13', '4c559fcd-4efc-4ed7-8fea-cf2d1d68445b', 'b7b81023-5713-47a7-9b64-f9cca650ed03', 120, 0, 0, 120);
INSERT INTO round_result (game_id, round_id, player_id, player_score, player_radelc_count, player_radelc_used, round_score_change) VALUES ('4ac472ed-5e78-4573-b24e-6506198f1f13', '4c559fcd-4efc-4ed7-8fea-cf2d1d68445b', '67a44a93-ddd3-4355-b84f-be654b1614b9', 0, 0, 0, 0);
INSERT INTO round_result (game_id, round_id, player_id, player_score, player_radelc_count, player_radelc_used, round_score_change) VALUES ('4ac472ed-5e78-4573-b24e-6506198f1f13', '4c559fcd-4efc-4ed7-8fea-cf2d1d68445b', '96f9a4e8-3e94-4241-9fd9-a99c30a84460', 0, 0, 0, 0);
INSERT INTO round_result (game_id, round_id, player_id, player_score, player_radelc_count, player_radelc_used, round_score_change) VALUES ('4ac472ed-5e78-4573-b24e-6506198f1f13', 'c01c1aa2-7c50-432c-a3c9-2f018bf9594e', '33019444-a2ed-4587-945c-ef2e3a5e814c', 305, 2, 2, 65);
INSERT INTO round_result (game_id, round_id, player_id, player_score, player_radelc_count, player_radelc_used, round_score_change) VALUES ('4ac472ed-5e78-4573-b24e-6506198f1f13', 'c01c1aa2-7c50-432c-a3c9-2f018bf9594e', '67a44a93-ddd3-4355-b84f-be654b1614b9', 395, 2, 1, 0);
INSERT INTO round_result (game_id, round_id, player_id, player_score, player_radelc_count, player_radelc_used, round_score_change) VALUES ('4ac472ed-5e78-4573-b24e-6506198f1f13', 'c01c1aa2-7c50-432c-a3c9-2f018bf9594e', '96f9a4e8-3e94-4241-9fd9-a99c30a84460', 770, 2, 2, 0);
INSERT INTO round_result (game_id, round_id, player_id, player_score, player_radelc_count, player_radelc_used, round_score_change) VALUES ('4ac472ed-5e78-4573-b24e-6506198f1f13', 'c01c1aa2-7c50-432c-a3c9-2f018bf9594e', 'b7b81023-5713-47a7-9b64-f9cca650ed03', 770, 2, 2, 65);
INSERT INTO round_result (game_id, round_id, player_id, player_score, player_radelc_count, player_radelc_used, round_score_change) VALUES ('4ac472ed-5e78-4573-b24e-6506198f1f13', '4e024cf0-8221-4cf1-8f94-635db4071ecb', '33019444-a2ed-4587-945c-ef2e3a5e814c', 305, 2, 2, 0);
INSERT INTO round_result (game_id, round_id, player_id, player_score, player_radelc_count, player_radelc_used, round_score_change) VALUES ('4ac472ed-5e78-4573-b24e-6506198f1f13', '4e024cf0-8221-4cf1-8f94-635db4071ecb', '67a44a93-ddd3-4355-b84f-be654b1614b9', 395, 2, 1, 0);
INSERT INTO round_result (game_id, round_id, player_id, player_score, player_radelc_count, player_radelc_used, round_score_change) VALUES ('4ac472ed-5e78-4573-b24e-6506198f1f13', '4e024cf0-8221-4cf1-8f94-635db4071ecb', '96f9a4e8-3e94-4241-9fd9-a99c30a84460', 815, 2, 2, 45);
INSERT INTO round_result (game_id, round_id, player_id, player_score, player_radelc_count, player_radelc_used, round_score_change) VALUES ('4ac472ed-5e78-4573-b24e-6506198f1f13', '4e024cf0-8221-4cf1-8f94-635db4071ecb', 'b7b81023-5713-47a7-9b64-f9cca650ed03', 815, 2, 2, 45);
INSERT INTO round_result (game_id, round_id, player_id, player_score, player_radelc_count, player_radelc_used, round_score_change) VALUES ('4ac472ed-5e78-4573-b24e-6506198f1f13', 'f3fc4417-7827-43e9-9363-108113ebaf87', '33019444-a2ed-4587-945c-ef2e3a5e814c', 350, 2, 2, 45);
INSERT INTO round_result (game_id, round_id, player_id, player_score, player_radelc_count, player_radelc_used, round_score_change) VALUES ('4ac472ed-5e78-4573-b24e-6506198f1f13', 'f3fc4417-7827-43e9-9363-108113ebaf87', '67a44a93-ddd3-4355-b84f-be654b1614b9', 440, 2, 1, 45);
INSERT INTO round_result (game_id, round_id, player_id, player_score, player_radelc_count, player_radelc_used, round_score_change) VALUES ('4ac472ed-5e78-4573-b24e-6506198f1f13', 'f3fc4417-7827-43e9-9363-108113ebaf87', '96f9a4e8-3e94-4241-9fd9-a99c30a84460', 815, 2, 2, 0);
INSERT INTO round_result (game_id, round_id, player_id, player_score, player_radelc_count, player_radelc_used, round_score_change) VALUES ('4ac472ed-5e78-4573-b24e-6506198f1f13', 'f3fc4417-7827-43e9-9363-108113ebaf87', 'b7b81023-5713-47a7-9b64-f9cca650ed03', 815, 2, 2, 0);
INSERT INTO round_result (game_id, round_id, player_id, player_score, player_radelc_count, player_radelc_used, round_score_change) VALUES ('4ac472ed-5e78-4573-b24e-6506198f1f13', '1978b0ac-135a-41bd-bb87-ea5a0bdb0cb3', '33019444-a2ed-4587-945c-ef2e3a5e814c', 385, 2, 2, 35);
INSERT INTO round_result (game_id, round_id, player_id, player_score, player_radelc_count, player_radelc_used, round_score_change) VALUES ('4ac472ed-5e78-4573-b24e-6506198f1f13', '1978b0ac-135a-41bd-bb87-ea5a0bdb0cb3', '67a44a93-ddd3-4355-b84f-be654b1614b9', 440, 2, 1, 0);
INSERT INTO round_result (game_id, round_id, player_id, player_score, player_radelc_count, player_radelc_used, round_score_change) VALUES ('4ac472ed-5e78-4573-b24e-6506198f1f13', '1978b0ac-135a-41bd-bb87-ea5a0bdb0cb3', '96f9a4e8-3e94-4241-9fd9-a99c30a84460', 850, 2, 2, 35);
INSERT INTO round_result (game_id, round_id, player_id, player_score, player_radelc_count, player_radelc_used, round_score_change) VALUES ('4ac472ed-5e78-4573-b24e-6506198f1f13', '1978b0ac-135a-41bd-bb87-ea5a0bdb0cb3', 'b7b81023-5713-47a7-9b64-f9cca650ed03', 815, 2, 2, 0);
INSERT INTO round_result (game_id, round_id, player_id, player_score, player_radelc_count, player_radelc_used, round_score_change) VALUES ('4ac472ed-5e78-4573-b24e-6506198f1f13', '5feba028-a62b-4e62-91ef-e81dc2dd80ad', '33019444-a2ed-4587-945c-ef2e3a5e814c', 385, 2, 2, 0);
INSERT INTO round_result (game_id, round_id, player_id, player_score, player_radelc_count, player_radelc_used, round_score_change) VALUES ('4ac472ed-5e78-4573-b24e-6506198f1f13', '5feba028-a62b-4e62-91ef-e81dc2dd80ad', '67a44a93-ddd3-4355-b84f-be654b1614b9', 440, 2, 1, 0);
INSERT INTO round_result (game_id, round_id, player_id, player_score, player_radelc_count, player_radelc_used, round_score_change) VALUES ('4ac472ed-5e78-4573-b24e-6506198f1f13', '5feba028-a62b-4e62-91ef-e81dc2dd80ad', '96f9a4e8-3e94-4241-9fd9-a99c30a84460', 910, 2, 2, 60);
INSERT INTO round_result (game_id, round_id, player_id, player_score, player_radelc_count, player_radelc_used, round_score_change) VALUES ('4ac472ed-5e78-4573-b24e-6506198f1f13', '5feba028-a62b-4e62-91ef-e81dc2dd80ad', 'b7b81023-5713-47a7-9b64-f9cca650ed03', 875, 2, 2, 60);
INSERT INTO round_result (game_id, round_id, player_id, player_score, player_radelc_count, player_radelc_used, round_score_change) VALUES ('4ac472ed-5e78-4573-b24e-6506198f1f13', '18f387ac-b92b-48dd-a466-f2b338536c8d', '33019444-a2ed-4587-945c-ef2e3a5e814c', 385, 2, 2, 0);
INSERT INTO round_result (game_id, round_id, player_id, player_score, player_radelc_count, player_radelc_used, round_score_change) VALUES ('4ac472ed-5e78-4573-b24e-6506198f1f13', '18f387ac-b92b-48dd-a466-f2b338536c8d', '67a44a93-ddd3-4355-b84f-be654b1614b9', 440, 2, 1, 0);
INSERT INTO round_result (game_id, round_id, player_id, player_score, player_radelc_count, player_radelc_used, round_score_change) VALUES ('4ac472ed-5e78-4573-b24e-6506198f1f13', '18f387ac-b92b-48dd-a466-f2b338536c8d', '96f9a4e8-3e94-4241-9fd9-a99c30a84460', 910, 2, 2, 0);
INSERT INTO round_result (game_id, round_id, player_id, player_score, player_radelc_count, player_radelc_used, round_score_change) VALUES ('4ac472ed-5e78-4573-b24e-6506198f1f13', '18f387ac-b92b-48dd-a466-f2b338536c8d', 'b7b81023-5713-47a7-9b64-f9cca650ed03', 765, 2, 2, -110);
INSERT INTO round_result (game_id, round_id, player_id, player_score, player_radelc_count, player_radelc_used, round_score_change) VALUES ('4ac472ed-5e78-4573-b24e-6506198f1f13', '4841896c-090d-4c4d-b20f-e6421ed02bf9', '33019444-a2ed-4587-945c-ef2e3a5e814c', 385, 3, 2, 0);
INSERT INTO round_result (game_id, round_id, player_id, player_score, player_radelc_count, player_radelc_used, round_score_change) VALUES ('4ac472ed-5e78-4573-b24e-6506198f1f13', '4841896c-090d-4c4d-b20f-e6421ed02bf9', '67a44a93-ddd3-4355-b84f-be654b1614b9', 300, 3, 1, -140);
INSERT INTO round_result (game_id, round_id, player_id, player_score, player_radelc_count, player_radelc_used, round_score_change) VALUES ('4ac472ed-5e78-4573-b24e-6506198f1f13', '4841896c-090d-4c4d-b20f-e6421ed02bf9', '96f9a4e8-3e94-4241-9fd9-a99c30a84460', 910, 3, 2, 0);
INSERT INTO round_result (game_id, round_id, player_id, player_score, player_radelc_count, player_radelc_used, round_score_change) VALUES ('4ac472ed-5e78-4573-b24e-6506198f1f13', '4841896c-090d-4c4d-b20f-e6421ed02bf9', 'b7b81023-5713-47a7-9b64-f9cca650ed03', 765, 3, 2, 0);
INSERT INTO round_result (game_id, round_id, player_id, player_score, player_radelc_count, player_radelc_used, round_score_change) VALUES ('4ac472ed-5e78-4573-b24e-6506198f1f13', '66802d6e-aad9-40d4-bebd-b7a39608e130', '33019444-a2ed-4587-945c-ef2e3a5e814c', 505, 3, 2, 120);
INSERT INTO round_result (game_id, round_id, player_id, player_score, player_radelc_count, player_radelc_used, round_score_change) VALUES ('4ac472ed-5e78-4573-b24e-6506198f1f13', '66802d6e-aad9-40d4-bebd-b7a39608e130', '67a44a93-ddd3-4355-b84f-be654b1614b9', 300, 3, 1, 0);
INSERT INTO round_result (game_id, round_id, player_id, player_score, player_radelc_count, player_radelc_used, round_score_change) VALUES ('4ac472ed-5e78-4573-b24e-6506198f1f13', '66802d6e-aad9-40d4-bebd-b7a39608e130', '96f9a4e8-3e94-4241-9fd9-a99c30a84460', 910, 3, 2, 0);
INSERT INTO round_result (game_id, round_id, player_id, player_score, player_radelc_count, player_radelc_used, round_score_change) VALUES ('4ac472ed-5e78-4573-b24e-6506198f1f13', '66802d6e-aad9-40d4-bebd-b7a39608e130', 'b7b81023-5713-47a7-9b64-f9cca650ed03', 885, 3, 3, 120);
INSERT INTO round_result (game_id, round_id, player_id, player_score, player_radelc_count, player_radelc_used, round_score_change) VALUES ('4ac472ed-5e78-4573-b24e-6506198f1f13', '88b275ec-1894-453a-8f8a-8ac4f2f0bcb9', '33019444-a2ed-4587-945c-ef2e3a5e814c', 550, 3, 2, 45);
INSERT INTO round_result (game_id, round_id, player_id, player_score, player_radelc_count, player_radelc_used, round_score_change) VALUES ('4ac472ed-5e78-4573-b24e-6506198f1f13', '88b275ec-1894-453a-8f8a-8ac4f2f0bcb9', '67a44a93-ddd3-4355-b84f-be654b1614b9', 300, 3, 1, 0);
INSERT INTO round_result (game_id, round_id, player_id, player_score, player_radelc_count, player_radelc_used, round_score_change) VALUES ('4ac472ed-5e78-4573-b24e-6506198f1f13', '88b275ec-1894-453a-8f8a-8ac4f2f0bcb9', '96f9a4e8-3e94-4241-9fd9-a99c30a84460', 910, 3, 2, 0);
INSERT INTO round_result (game_id, round_id, player_id, player_score, player_radelc_count, player_radelc_used, round_score_change) VALUES ('4ac472ed-5e78-4573-b24e-6506198f1f13', '88b275ec-1894-453a-8f8a-8ac4f2f0bcb9', 'b7b81023-5713-47a7-9b64-f9cca650ed03', 930, 3, 3, 45);
INSERT INTO round_result (game_id, round_id, player_id, player_score, player_radelc_count, player_radelc_used, round_score_change) VALUES ('4ac472ed-5e78-4573-b24e-6506198f1f13', '2f984fab-7462-497d-bff1-16462db1bf79', '33019444-a2ed-4587-945c-ef2e3a5e814c', 550, 3, 2, 0);
INSERT INTO round_result (game_id, round_id, player_id, player_score, player_radelc_count, player_radelc_used, round_score_change) VALUES ('4ac472ed-5e78-4573-b24e-6506198f1f13', '2f984fab-7462-497d-bff1-16462db1bf79', '67a44a93-ddd3-4355-b84f-be654b1614b9', 370, 3, 1, 70);
INSERT INTO round_result (game_id, round_id, player_id, player_score, player_radelc_count, player_radelc_used, round_score_change) VALUES ('4ac472ed-5e78-4573-b24e-6506198f1f13', '2f984fab-7462-497d-bff1-16462db1bf79', '96f9a4e8-3e94-4241-9fd9-a99c30a84460', 910, 3, 2, 0);
INSERT INTO round_result (game_id, round_id, player_id, player_score, player_radelc_count, player_radelc_used, round_score_change) VALUES ('4ac472ed-5e78-4573-b24e-6506198f1f13', '2f984fab-7462-497d-bff1-16462db1bf79', 'b7b81023-5713-47a7-9b64-f9cca650ed03', 1000, 3, 3, 70);
INSERT INTO round_result (game_id, round_id, player_id, player_score, player_radelc_count, player_radelc_used, round_score_change) VALUES ('4ac472ed-5e78-4573-b24e-6506198f1f13', 'f3176c0f-c025-486f-8456-2364cda26983', '33019444-a2ed-4587-945c-ef2e3a5e814c', 550, 4, 2, 0);
INSERT INTO round_result (game_id, round_id, player_id, player_score, player_radelc_count, player_radelc_used, round_score_change) VALUES ('4ac472ed-5e78-4573-b24e-6506198f1f13', 'f3176c0f-c025-486f-8456-2364cda26983', '67a44a93-ddd3-4355-b84f-be654b1614b9', 370, 4, 1, 0);
INSERT INTO round_result (game_id, round_id, player_id, player_score, player_radelc_count, player_radelc_used, round_score_change) VALUES ('4ac472ed-5e78-4573-b24e-6506198f1f13', 'f3176c0f-c025-486f-8456-2364cda26983', '96f9a4e8-3e94-4241-9fd9-a99c30a84460', 1050, 4, 3, 140);
INSERT INTO round_result (game_id, round_id, player_id, player_score, player_radelc_count, player_radelc_used, round_score_change) VALUES ('4ac472ed-5e78-4573-b24e-6506198f1f13', 'f3176c0f-c025-486f-8456-2364cda26983', 'b7b81023-5713-47a7-9b64-f9cca650ed03', 1000, 4, 3, 0);
INSERT INTO round_result (game_id, round_id, player_id, player_score, player_radelc_count, player_radelc_used, round_score_change) VALUES ('4ac472ed-5e78-4573-b24e-6506198f1f13', '05abe49a-aeb6-4933-b19d-f20bbcaa5b23', '33019444-a2ed-4587-945c-ef2e3a5e814c', 290, 4, 2, -260);
INSERT INTO round_result (game_id, round_id, player_id, player_score, player_radelc_count, player_radelc_used, round_score_change) VALUES ('4ac472ed-5e78-4573-b24e-6506198f1f13', '05abe49a-aeb6-4933-b19d-f20bbcaa5b23', '67a44a93-ddd3-4355-b84f-be654b1614b9', 370, 4, 1, 0);
INSERT INTO round_result (game_id, round_id, player_id, player_score, player_radelc_count, player_radelc_used, round_score_change) VALUES ('4ac472ed-5e78-4573-b24e-6506198f1f13', '05abe49a-aeb6-4933-b19d-f20bbcaa5b23', '96f9a4e8-3e94-4241-9fd9-a99c30a84460', 1050, 4, 3, 0);
INSERT INTO round_result (game_id, round_id, player_id, player_score, player_radelc_count, player_radelc_used, round_score_change) VALUES ('4ac472ed-5e78-4573-b24e-6506198f1f13', '05abe49a-aeb6-4933-b19d-f20bbcaa5b23', 'b7b81023-5713-47a7-9b64-f9cca650ed03', 1000, 4, 3, 0);
INSERT INTO round_result (game_id, round_id, player_id, player_score, player_radelc_count, player_radelc_used, round_score_change) VALUES ('4ac472ed-5e78-4573-b24e-6506198f1f13', '64bbb9e6-4ea9-40fa-ab5e-45747aebe17a', '33019444-a2ed-4587-945c-ef2e3a5e814c', 370, 4, 2, 80);
INSERT INTO round_result (game_id, round_id, player_id, player_score, player_radelc_count, player_radelc_used, round_score_change) VALUES ('4ac472ed-5e78-4573-b24e-6506198f1f13', '64bbb9e6-4ea9-40fa-ab5e-45747aebe17a', '67a44a93-ddd3-4355-b84f-be654b1614b9', 370, 4, 1, 0);
INSERT INTO round_result (game_id, round_id, player_id, player_score, player_radelc_count, player_radelc_used, round_score_change) VALUES ('4ac472ed-5e78-4573-b24e-6506198f1f13', '64bbb9e6-4ea9-40fa-ab5e-45747aebe17a', '96f9a4e8-3e94-4241-9fd9-a99c30a84460', 1050, 4, 3, 0);
INSERT INTO round_result (game_id, round_id, player_id, player_score, player_radelc_count, player_radelc_used, round_score_change) VALUES ('4ac472ed-5e78-4573-b24e-6506198f1f13', '64bbb9e6-4ea9-40fa-ab5e-45747aebe17a', 'b7b81023-5713-47a7-9b64-f9cca650ed03', 1080, 4, 4, 80);
INSERT INTO round_result (game_id, round_id, player_id, player_score, player_radelc_count, player_radelc_used, round_score_change) VALUES ('4ac472ed-5e78-4573-b24e-6506198f1f13', '704b54bb-0133-46ff-8b00-8ef2493baab4', '33019444-a2ed-4587-945c-ef2e3a5e814c', 470, 4, 3, 100);
INSERT INTO round_result (game_id, round_id, player_id, player_score, player_radelc_count, player_radelc_used, round_score_change) VALUES ('4ac472ed-5e78-4573-b24e-6506198f1f13', '704b54bb-0133-46ff-8b00-8ef2493baab4', '67a44a93-ddd3-4355-b84f-be654b1614b9', 370, 4, 1, 0);
INSERT INTO round_result (game_id, round_id, player_id, player_score, player_radelc_count, player_radelc_used, round_score_change) VALUES ('4ac472ed-5e78-4573-b24e-6506198f1f13', '704b54bb-0133-46ff-8b00-8ef2493baab4', '96f9a4e8-3e94-4241-9fd9-a99c30a84460', 1050, 4, 3, 0);
INSERT INTO round_result (game_id, round_id, player_id, player_score, player_radelc_count, player_radelc_used, round_score_change) VALUES ('4ac472ed-5e78-4573-b24e-6506198f1f13', '704b54bb-0133-46ff-8b00-8ef2493baab4', 'b7b81023-5713-47a7-9b64-f9cca650ed03', 1180, 4, 4, 100);
INSERT INTO round_result (game_id, round_id, player_id, player_score, player_radelc_count, player_radelc_used, round_score_change) VALUES ('4ac472ed-5e78-4573-b24e-6506198f1f13', 'f54a6851-81ca-449e-9a91-fa80db1936ea', '33019444-a2ed-4587-945c-ef2e3a5e814c', 540, 4, 3, 70);
INSERT INTO round_result (game_id, round_id, player_id, player_score, player_radelc_count, player_radelc_used, round_score_change) VALUES ('4ac472ed-5e78-4573-b24e-6506198f1f13', 'f54a6851-81ca-449e-9a91-fa80db1936ea', '67a44a93-ddd3-4355-b84f-be654b1614b9', 370, 4, 1, 0);
INSERT INTO round_result (game_id, round_id, player_id, player_score, player_radelc_count, player_radelc_used, round_score_change) VALUES ('4ac472ed-5e78-4573-b24e-6506198f1f13', 'f54a6851-81ca-449e-9a91-fa80db1936ea', '96f9a4e8-3e94-4241-9fd9-a99c30a84460', 1120, 4, 4, 70);
INSERT INTO round_result (game_id, round_id, player_id, player_score, player_radelc_count, player_radelc_used, round_score_change) VALUES ('4ac472ed-5e78-4573-b24e-6506198f1f13', 'f54a6851-81ca-449e-9a91-fa80db1936ea', 'b7b81023-5713-47a7-9b64-f9cca650ed03', 1180, 4, 4, 0);
INSERT INTO round_result (game_id, round_id, player_id, player_score, player_radelc_count, player_radelc_used, round_score_change) VALUES ('4ac472ed-5e78-4573-b24e-6506198f1f13', '12f3318d-f1fd-49f4-8c70-9203aed4ad72', '33019444-a2ed-4587-945c-ef2e3a5e814c', 510, 4, 3, -30);
INSERT INTO round_result (game_id, round_id, player_id, player_score, player_radelc_count, player_radelc_used, round_score_change) VALUES ('4ac472ed-5e78-4573-b24e-6506198f1f13', '12f3318d-f1fd-49f4-8c70-9203aed4ad72', '67a44a93-ddd3-4355-b84f-be654b1614b9', 370, 4, 1, 0);
INSERT INTO round_result (game_id, round_id, player_id, player_score, player_radelc_count, player_radelc_used, round_score_change) VALUES ('4ac472ed-5e78-4573-b24e-6506198f1f13', '12f3318d-f1fd-49f4-8c70-9203aed4ad72', '96f9a4e8-3e94-4241-9fd9-a99c30a84460', 1090, 4, 4, -30);
INSERT INTO round_result (game_id, round_id, player_id, player_score, player_radelc_count, player_radelc_used, round_score_change) VALUES ('4ac472ed-5e78-4573-b24e-6506198f1f13', '12f3318d-f1fd-49f4-8c70-9203aed4ad72', 'b7b81023-5713-47a7-9b64-f9cca650ed03', 1180, 4, 4, 0);
INSERT INTO round_result (game_id, round_id, player_id, player_score, player_radelc_count, player_radelc_used, round_score_change) VALUES ('4ac472ed-5e78-4573-b24e-6506198f1f13', '224847dd-815d-4374-b11c-9427590a95dd', '33019444-a2ed-4587-945c-ef2e3a5e814c', 440, 4, 3, -70);
INSERT INTO round_result (game_id, round_id, player_id, player_score, player_radelc_count, player_radelc_used, round_score_change) VALUES ('4ac472ed-5e78-4573-b24e-6506198f1f13', '224847dd-815d-4374-b11c-9427590a95dd', '67a44a93-ddd3-4355-b84f-be654b1614b9', 300, 4, 1, -70);
INSERT INTO round_result (game_id, round_id, player_id, player_score, player_radelc_count, player_radelc_used, round_score_change) VALUES ('4ac472ed-5e78-4573-b24e-6506198f1f13', '224847dd-815d-4374-b11c-9427590a95dd', '96f9a4e8-3e94-4241-9fd9-a99c30a84460', 1090, 4, 4, 0);
INSERT INTO round_result (game_id, round_id, player_id, player_score, player_radelc_count, player_radelc_used, round_score_change) VALUES ('4ac472ed-5e78-4573-b24e-6506198f1f13', '224847dd-815d-4374-b11c-9427590a95dd', 'b7b81023-5713-47a7-9b64-f9cca650ed03', 1180, 4, 4, 0);
INSERT INTO round_result (game_id, round_id, player_id, player_score, player_radelc_count, player_radelc_used, round_score_change) VALUES ('4ac472ed-5e78-4573-b24e-6506198f1f13', 'e3fa8a00-84c1-4467-b546-fe6c0f6eb87a', '33019444-a2ed-4587-945c-ef2e3a5e814c', 440, 4, 3, 0);
INSERT INTO round_result (game_id, round_id, player_id, player_score, player_radelc_count, player_radelc_used, round_score_change) VALUES ('4ac472ed-5e78-4573-b24e-6506198f1f13', 'e3fa8a00-84c1-4467-b546-fe6c0f6eb87a', '67a44a93-ddd3-4355-b84f-be654b1614b9', 300, 4, 1, 0);
INSERT INTO round_result (game_id, round_id, player_id, player_score, player_radelc_count, player_radelc_used, round_score_change) VALUES ('4ac472ed-5e78-4573-b24e-6506198f1f13', 'e3fa8a00-84c1-4467-b546-fe6c0f6eb87a', '96f9a4e8-3e94-4241-9fd9-a99c30a84460', 1140, 4, 4, 50);
INSERT INTO round_result (game_id, round_id, player_id, player_score, player_radelc_count, player_radelc_used, round_score_change) VALUES ('4ac472ed-5e78-4573-b24e-6506198f1f13', 'e3fa8a00-84c1-4467-b546-fe6c0f6eb87a', 'b7b81023-5713-47a7-9b64-f9cca650ed03', 1230, 4, 4, 50);
INSERT INTO round_result (game_id, round_id, player_id, player_score, player_radelc_count, player_radelc_used, round_score_change) VALUES ('4ac472ed-5e78-4573-b24e-6506198f1f13', '03cb6e62-e7ef-4cdf-9cbb-4d0d2f9af7ee', '33019444-a2ed-4587-945c-ef2e3a5e814c', 330, 5, 3, -80);
INSERT INTO round_result (game_id, round_id, player_id, player_score, player_radelc_count, player_radelc_used, round_score_change) VALUES ('4ac472ed-5e78-4573-b24e-6506198f1f13', '03cb6e62-e7ef-4cdf-9cbb-4d0d2f9af7ee', '67a44a93-ddd3-4355-b84f-be654b1614b9', 585, 5, 3, 0);
INSERT INTO round_result (game_id, round_id, player_id, player_score, player_radelc_count, player_radelc_used, round_score_change) VALUES ('4ac472ed-5e78-4573-b24e-6506198f1f13', '03cb6e62-e7ef-4cdf-9cbb-4d0d2f9af7ee', '96f9a4e8-3e94-4241-9fd9-a99c30a84460', 1170, 5, 4, 0);
INSERT INTO round_result (game_id, round_id, player_id, player_score, player_radelc_count, player_radelc_used, round_score_change) VALUES ('4ac472ed-5e78-4573-b24e-6506198f1f13', '03cb6e62-e7ef-4cdf-9cbb-4d0d2f9af7ee', 'b7b81023-5713-47a7-9b64-f9cca650ed03', 1535, 5, 4, 0);
INSERT INTO round_result (game_id, round_id, player_id, player_score, player_radelc_count, player_radelc_used, round_score_change) VALUES ('4ac472ed-5e78-4573-b24e-6506198f1f13', '880591ba-0420-4685-9a5b-7f1120fdf150', '33019444-a2ed-4587-945c-ef2e3a5e814c', 330, 5, 3, 0);
INSERT INTO round_result (game_id, round_id, player_id, player_score, player_radelc_count, player_radelc_used, round_score_change) VALUES ('4ac472ed-5e78-4573-b24e-6506198f1f13', '880591ba-0420-4685-9a5b-7f1120fdf150', '67a44a93-ddd3-4355-b84f-be654b1614b9', 585, 5, 3, 0);
INSERT INTO round_result (game_id, round_id, player_id, player_score, player_radelc_count, player_radelc_used, round_score_change) VALUES ('4ac472ed-5e78-4573-b24e-6506198f1f13', '880591ba-0420-4685-9a5b-7f1120fdf150', '96f9a4e8-3e94-4241-9fd9-a99c30a84460', 1050, 5, 4, -120);
INSERT INTO round_result (game_id, round_id, player_id, player_score, player_radelc_count, player_radelc_used, round_score_change) VALUES ('4ac472ed-5e78-4573-b24e-6506198f1f13', '880591ba-0420-4685-9a5b-7f1120fdf150', 'b7b81023-5713-47a7-9b64-f9cca650ed03', 1415, 5, 4, -120);
INSERT INTO round_result (game_id, round_id, player_id, player_score, player_radelc_count, player_radelc_used, round_score_change) VALUES ('4ac472ed-5e78-4573-b24e-6506198f1f13', 'd9c7ba08-d558-40fb-9a94-f2bc9eb3d93a', '33019444-a2ed-4587-945c-ef2e3a5e814c', 270, 5, 3, -60);
INSERT INTO round_result (game_id, round_id, player_id, player_score, player_radelc_count, player_radelc_used, round_score_change) VALUES ('4ac472ed-5e78-4573-b24e-6506198f1f13', 'd9c7ba08-d558-40fb-9a94-f2bc9eb3d93a', '67a44a93-ddd3-4355-b84f-be654b1614b9', 585, 5, 3, 0);
INSERT INTO round_result (game_id, round_id, player_id, player_score, player_radelc_count, player_radelc_used, round_score_change) VALUES ('4ac472ed-5e78-4573-b24e-6506198f1f13', 'd9c7ba08-d558-40fb-9a94-f2bc9eb3d93a', '96f9a4e8-3e94-4241-9fd9-a99c30a84460', 990, 5, 4, -60);
INSERT INTO round_result (game_id, round_id, player_id, player_score, player_radelc_count, player_radelc_used, round_score_change) VALUES ('4ac472ed-5e78-4573-b24e-6506198f1f13', 'd9c7ba08-d558-40fb-9a94-f2bc9eb3d93a', 'b7b81023-5713-47a7-9b64-f9cca650ed03', 1415, 5, 4, 0);
INSERT INTO round_result (game_id, round_id, player_id, player_score, player_radelc_count, player_radelc_used, round_score_change) VALUES ('4ac472ed-5e78-4573-b24e-6506198f1f13', '0a4dd250-cddf-41ea-9eb3-bfe76134b7c8', '33019444-a2ed-4587-945c-ef2e3a5e814c', 410, 6, 4, 140);
INSERT INTO round_result (game_id, round_id, player_id, player_score, player_radelc_count, player_radelc_used, round_score_change) VALUES ('4ac472ed-5e78-4573-b24e-6506198f1f13', '0a4dd250-cddf-41ea-9eb3-bfe76134b7c8', '67a44a93-ddd3-4355-b84f-be654b1614b9', 585, 6, 3, 0);
INSERT INTO round_result (game_id, round_id, player_id, player_score, player_radelc_count, player_radelc_used, round_score_change) VALUES ('4ac472ed-5e78-4573-b24e-6506198f1f13', '0a4dd250-cddf-41ea-9eb3-bfe76134b7c8', '96f9a4e8-3e94-4241-9fd9-a99c30a84460', 990, 6, 4, 0);
INSERT INTO round_result (game_id, round_id, player_id, player_score, player_radelc_count, player_radelc_used, round_score_change) VALUES ('4ac472ed-5e78-4573-b24e-6506198f1f13', '0a4dd250-cddf-41ea-9eb3-bfe76134b7c8', 'b7b81023-5713-47a7-9b64-f9cca650ed03', 1415, 6, 4, 0);
INSERT INTO round_result (game_id, round_id, player_id, player_score, player_radelc_count, player_radelc_used, round_score_change) VALUES ('4ac472ed-5e78-4573-b24e-6506198f1f13', 'b83b356d-f963-41ab-8d60-531bac20a6cb', '33019444-a2ed-4587-945c-ef2e3a5e814c', 120, 1, 0, 0);
INSERT INTO round_result (game_id, round_id, player_id, player_score, player_radelc_count, player_radelc_used, round_score_change) VALUES ('4ac472ed-5e78-4573-b24e-6506198f1f13', 'b83b356d-f963-41ab-8d60-531bac20a6cb', '67a44a93-ddd3-4355-b84f-be654b1614b9', 0, 1, 0, 0);
INSERT INTO round_result (game_id, round_id, player_id, player_score, player_radelc_count, player_radelc_used, round_score_change) VALUES ('4ac472ed-5e78-4573-b24e-6506198f1f13', 'b83b356d-f963-41ab-8d60-531bac20a6cb', '96f9a4e8-3e94-4241-9fd9-a99c30a84460', -70, 1, 0, -70);
INSERT INTO round_result (game_id, round_id, player_id, player_score, player_radelc_count, player_radelc_used, round_score_change) VALUES ('4ac472ed-5e78-4573-b24e-6506198f1f13', 'b83b356d-f963-41ab-8d60-531bac20a6cb', 'b7b81023-5713-47a7-9b64-f9cca650ed03', 120, 1, 0, 0);
INSERT INTO round_result (game_id, round_id, player_id, player_score, player_radelc_count, player_radelc_used, round_score_change) VALUES ('4ac472ed-5e78-4573-b24e-6506198f1f13', '0eef9512-6385-4eaa-9bb4-d1fdb6f6c0b1', '33019444-a2ed-4587-945c-ef2e3a5e814c', 120, 1, 0, 0);
INSERT INTO round_result (game_id, round_id, player_id, player_score, player_radelc_count, player_radelc_used, round_score_change) VALUES ('4ac472ed-5e78-4573-b24e-6506198f1f13', '0eef9512-6385-4eaa-9bb4-d1fdb6f6c0b1', '67a44a93-ddd3-4355-b84f-be654b1614b9', 80, 1, 0, 80);
INSERT INTO round_result (game_id, round_id, player_id, player_score, player_radelc_count, player_radelc_used, round_score_change) VALUES ('4ac472ed-5e78-4573-b24e-6506198f1f13', '0eef9512-6385-4eaa-9bb4-d1fdb6f6c0b1', '96f9a4e8-3e94-4241-9fd9-a99c30a84460', 10, 1, 1, 80);
INSERT INTO round_result (game_id, round_id, player_id, player_score, player_radelc_count, player_radelc_used, round_score_change) VALUES ('4ac472ed-5e78-4573-b24e-6506198f1f13', '0eef9512-6385-4eaa-9bb4-d1fdb6f6c0b1', 'b7b81023-5713-47a7-9b64-f9cca650ed03', 120, 1, 0, 0);
INSERT INTO round_result (game_id, round_id, player_id, player_score, player_radelc_count, player_radelc_used, round_score_change) VALUES ('4ac472ed-5e78-4573-b24e-6506198f1f13', 'd9305f76-4a81-4dfd-9699-4d5a851807cd', '33019444-a2ed-4587-945c-ef2e3a5e814c', 120, 1, 0, 0);
INSERT INTO round_result (game_id, round_id, player_id, player_score, player_radelc_count, player_radelc_used, round_score_change) VALUES ('4ac472ed-5e78-4573-b24e-6506198f1f13', 'd9305f76-4a81-4dfd-9699-4d5a851807cd', '67a44a93-ddd3-4355-b84f-be654b1614b9', 80, 1, 0, 0);
INSERT INTO round_result (game_id, round_id, player_id, player_score, player_radelc_count, player_radelc_used, round_score_change) VALUES ('4ac472ed-5e78-4573-b24e-6506198f1f13', 'd9305f76-4a81-4dfd-9699-4d5a851807cd', '96f9a4e8-3e94-4241-9fd9-a99c30a84460', 10, 1, 1, 0);
INSERT INTO round_result (game_id, round_id, player_id, player_score, player_radelc_count, player_radelc_used, round_score_change) VALUES ('4ac472ed-5e78-4573-b24e-6506198f1f13', 'd9305f76-4a81-4dfd-9699-4d5a851807cd', 'b7b81023-5713-47a7-9b64-f9cca650ed03', 270, 1, 1, 150);
INSERT INTO round_result (game_id, round_id, player_id, player_score, player_radelc_count, player_radelc_used, round_score_change) VALUES ('4ac472ed-5e78-4573-b24e-6506198f1f13', '294595b6-1227-4226-b884-8f42cc50d005', '33019444-a2ed-4587-945c-ef2e3a5e814c', 160, 1, 0, 40);
INSERT INTO round_result (game_id, round_id, player_id, player_score, player_radelc_count, player_radelc_used, round_score_change) VALUES ('4ac472ed-5e78-4573-b24e-6506198f1f13', '294595b6-1227-4226-b884-8f42cc50d005', '67a44a93-ddd3-4355-b84f-be654b1614b9', 80, 1, 0, 0);
INSERT INTO round_result (game_id, round_id, player_id, player_score, player_radelc_count, player_radelc_used, round_score_change) VALUES ('4ac472ed-5e78-4573-b24e-6506198f1f13', '294595b6-1227-4226-b884-8f42cc50d005', '96f9a4e8-3e94-4241-9fd9-a99c30a84460', 50, 1, 1, 40);
INSERT INTO round_result (game_id, round_id, player_id, player_score, player_radelc_count, player_radelc_used, round_score_change) VALUES ('4ac472ed-5e78-4573-b24e-6506198f1f13', '294595b6-1227-4226-b884-8f42cc50d005', 'b7b81023-5713-47a7-9b64-f9cca650ed03', 270, 1, 1, 0);
INSERT INTO round_result (game_id, round_id, player_id, player_score, player_radelc_count, player_radelc_used, round_score_change) VALUES ('4ac472ed-5e78-4573-b24e-6506198f1f13', 'a1a66455-4bd8-4457-b31c-1bc4a8e3a0fa', '33019444-a2ed-4587-945c-ef2e3a5e814c', 160, 1, 0, 0);
INSERT INTO round_result (game_id, round_id, player_id, player_score, player_radelc_count, player_radelc_used, round_score_change) VALUES ('4ac472ed-5e78-4573-b24e-6506198f1f13', 'a1a66455-4bd8-4457-b31c-1bc4a8e3a0fa', '67a44a93-ddd3-4355-b84f-be654b1614b9', 80, 1, 0, 0);
INSERT INTO round_result (game_id, round_id, player_id, player_score, player_radelc_count, player_radelc_used, round_score_change) VALUES ('4ac472ed-5e78-4573-b24e-6506198f1f13', 'a1a66455-4bd8-4457-b31c-1bc4a8e3a0fa', '96f9a4e8-3e94-4241-9fd9-a99c30a84460', 115, 1, 1, 65);
INSERT INTO round_result (game_id, round_id, player_id, player_score, player_radelc_count, player_radelc_used, round_score_change) VALUES ('4ac472ed-5e78-4573-b24e-6506198f1f13', 'a1a66455-4bd8-4457-b31c-1bc4a8e3a0fa', 'b7b81023-5713-47a7-9b64-f9cca650ed03', 315, 1, 1, 45);
INSERT INTO round_result (game_id, round_id, player_id, player_score, player_radelc_count, player_radelc_used, round_score_change) VALUES ('4ac472ed-5e78-4573-b24e-6506198f1f13', 'cc718593-0b83-4420-8065-1428e42dcc14', '33019444-a2ed-4587-945c-ef2e3a5e814c', 160, 1, 0, 0);
INSERT INTO round_result (game_id, round_id, player_id, player_score, player_radelc_count, player_radelc_used, round_score_change) VALUES ('4ac472ed-5e78-4573-b24e-6506198f1f13', 'cc718593-0b83-4420-8065-1428e42dcc14', '67a44a93-ddd3-4355-b84f-be654b1614b9', 130, 1, 0, 50);
INSERT INTO round_result (game_id, round_id, player_id, player_score, player_radelc_count, player_radelc_used, round_score_change) VALUES ('4ac472ed-5e78-4573-b24e-6506198f1f13', 'cc718593-0b83-4420-8065-1428e42dcc14', '96f9a4e8-3e94-4241-9fd9-a99c30a84460', 115, 1, 1, 0);
INSERT INTO round_result (game_id, round_id, player_id, player_score, player_radelc_count, player_radelc_used, round_score_change) VALUES ('4ac472ed-5e78-4573-b24e-6506198f1f13', 'cc718593-0b83-4420-8065-1428e42dcc14', 'b7b81023-5713-47a7-9b64-f9cca650ed03', 365, 1, 1, 50);
INSERT INTO round_result (game_id, round_id, player_id, player_score, player_radelc_count, player_radelc_used, round_score_change) VALUES ('4ac472ed-5e78-4573-b24e-6506198f1f13', 'ab1a4693-19ee-469d-a261-18351c46aba1', '33019444-a2ed-4587-945c-ef2e3a5e814c', 160, 1, 0, 0);
INSERT INTO round_result (game_id, round_id, player_id, player_score, player_radelc_count, player_radelc_used, round_score_change) VALUES ('4ac472ed-5e78-4573-b24e-6506198f1f13', 'ab1a4693-19ee-469d-a261-18351c46aba1', '67a44a93-ddd3-4355-b84f-be654b1614b9', 130, 1, 0, 0);
INSERT INTO round_result (game_id, round_id, player_id, player_score, player_radelc_count, player_radelc_used, round_score_change) VALUES ('4ac472ed-5e78-4573-b24e-6506198f1f13', 'ab1a4693-19ee-469d-a261-18351c46aba1', '96f9a4e8-3e94-4241-9fd9-a99c30a84460', 190, 1, 1, 75);
INSERT INTO round_result (game_id, round_id, player_id, player_score, player_radelc_count, player_radelc_used, round_score_change) VALUES ('4ac472ed-5e78-4573-b24e-6506198f1f13', 'ab1a4693-19ee-469d-a261-18351c46aba1', 'b7b81023-5713-47a7-9b64-f9cca650ed03', 440, 1, 1, 75);
INSERT INTO round_result (game_id, round_id, player_id, player_score, player_radelc_count, player_radelc_used, round_score_change) VALUES ('4ac472ed-5e78-4573-b24e-6506198f1f13', '3e249f71-d8ed-46dc-982e-f0b4883cabfe', '33019444-a2ed-4587-945c-ef2e3a5e814c', 330, 1, 1, 0);
INSERT INTO round_result (game_id, round_id, player_id, player_score, player_radelc_count, player_radelc_used, round_score_change) VALUES ('4ac472ed-5e78-4573-b24e-6506198f1f13', '3e249f71-d8ed-46dc-982e-f0b4883cabfe', '67a44a93-ddd3-4355-b84f-be654b1614b9', 165, 1, 0, 0);
INSERT INTO round_result (game_id, round_id, player_id, player_score, player_radelc_count, player_radelc_used, round_score_change) VALUES ('4ac472ed-5e78-4573-b24e-6506198f1f13', '3e249f71-d8ed-46dc-982e-f0b4883cabfe', '96f9a4e8-3e94-4241-9fd9-a99c30a84460', 415, 1, 1, 0);
INSERT INTO round_result (game_id, round_id, player_id, player_score, player_radelc_count, player_radelc_used, round_score_change) VALUES ('4ac472ed-5e78-4573-b24e-6506198f1f13', '3e249f71-d8ed-46dc-982e-f0b4883cabfe', 'b7b81023-5713-47a7-9b64-f9cca650ed03', 410, 1, 1, -30);
INSERT INTO round_result (game_id, round_id, player_id, player_score, player_radelc_count, player_radelc_used, round_score_change) VALUES ('4ac472ed-5e78-4573-b24e-6506198f1f13', 'dde244d6-2d83-4095-8fc6-aa3a19bd67fc', '33019444-a2ed-4587-945c-ef2e3a5e814c', 330, 1, 1, 0);
INSERT INTO round_result (game_id, round_id, player_id, player_score, player_radelc_count, player_radelc_used, round_score_change) VALUES ('4ac472ed-5e78-4573-b24e-6506198f1f13', 'dde244d6-2d83-4095-8fc6-aa3a19bd67fc', '67a44a93-ddd3-4355-b84f-be654b1614b9', 115, 1, 0, -50);
INSERT INTO round_result (game_id, round_id, player_id, player_score, player_radelc_count, player_radelc_used, round_score_change) VALUES ('4ac472ed-5e78-4573-b24e-6506198f1f13', 'dde244d6-2d83-4095-8fc6-aa3a19bd67fc', '96f9a4e8-3e94-4241-9fd9-a99c30a84460', 415, 1, 1, 0);
INSERT INTO round_result (game_id, round_id, player_id, player_score, player_radelc_count, player_radelc_used, round_score_change) VALUES ('4ac472ed-5e78-4573-b24e-6506198f1f13', 'dde244d6-2d83-4095-8fc6-aa3a19bd67fc', 'b7b81023-5713-47a7-9b64-f9cca650ed03', 360, 1, 1, -50);
INSERT INTO round_result (game_id, round_id, player_id, player_score, player_radelc_count, player_radelc_used, round_score_change) VALUES ('4ac472ed-5e78-4573-b24e-6506198f1f13', 'e75a5c84-09fe-4cf5-bc8f-494a2d665592', '33019444-a2ed-4587-945c-ef2e3a5e814c', 330, 1, 1, 0);
INSERT INTO round_result (game_id, round_id, player_id, player_score, player_radelc_count, player_radelc_used, round_score_change) VALUES ('4ac472ed-5e78-4573-b24e-6506198f1f13', 'e75a5c84-09fe-4cf5-bc8f-494a2d665592', '67a44a93-ddd3-4355-b84f-be654b1614b9', 235, 1, 1, 120);
INSERT INTO round_result (game_id, round_id, player_id, player_score, player_radelc_count, player_radelc_used, round_score_change) VALUES ('4ac472ed-5e78-4573-b24e-6506198f1f13', 'e75a5c84-09fe-4cf5-bc8f-494a2d665592', '96f9a4e8-3e94-4241-9fd9-a99c30a84460', 415, 1, 1, 0);
INSERT INTO round_result (game_id, round_id, player_id, player_score, player_radelc_count, player_radelc_used, round_score_change) VALUES ('4ac472ed-5e78-4573-b24e-6506198f1f13', 'e75a5c84-09fe-4cf5-bc8f-494a2d665592', 'b7b81023-5713-47a7-9b64-f9cca650ed03', 480, 1, 1, 120);
INSERT INTO round_result (game_id, round_id, player_id, player_score, player_radelc_count, player_radelc_used, round_score_change) VALUES ('4ac472ed-5e78-4573-b24e-6506198f1f13', 'a9b995b9-7288-4557-831f-6a90f5488881', '33019444-a2ed-4587-945c-ef2e3a5e814c', 330, 1, 1, 0);
INSERT INTO round_result (game_id, round_id, player_id, player_score, player_radelc_count, player_radelc_used, round_score_change) VALUES ('4ac472ed-5e78-4573-b24e-6506198f1f13', 'a9b995b9-7288-4557-831f-6a90f5488881', '67a44a93-ddd3-4355-b84f-be654b1614b9', 295, 1, 1, 60);
INSERT INTO round_result (game_id, round_id, player_id, player_score, player_radelc_count, player_radelc_used, round_score_change) VALUES ('4ac472ed-5e78-4573-b24e-6506198f1f13', 'a9b995b9-7288-4557-831f-6a90f5488881', '96f9a4e8-3e94-4241-9fd9-a99c30a84460', 475, 1, 1, 60);
INSERT INTO round_result (game_id, round_id, player_id, player_score, player_radelc_count, player_radelc_used, round_score_change) VALUES ('4ac472ed-5e78-4573-b24e-6506198f1f13', 'a9b995b9-7288-4557-831f-6a90f5488881', 'b7b81023-5713-47a7-9b64-f9cca650ed03', 480, 1, 1, 0);
INSERT INTO round_result (game_id, round_id, player_id, player_score, player_radelc_count, player_radelc_used, round_score_change) VALUES ('4ac472ed-5e78-4573-b24e-6506198f1f13', '19413e3c-360e-4f6e-bbed-0c6414167074', '33019444-a2ed-4587-945c-ef2e3a5e814c', 370, 1, 1, 40);
INSERT INTO round_result (game_id, round_id, player_id, player_score, player_radelc_count, player_radelc_used, round_score_change) VALUES ('4ac472ed-5e78-4573-b24e-6506198f1f13', '19413e3c-360e-4f6e-bbed-0c6414167074', '67a44a93-ddd3-4355-b84f-be654b1614b9', 335, 1, 1, 40);
INSERT INTO round_result (game_id, round_id, player_id, player_score, player_radelc_count, player_radelc_used, round_score_change) VALUES ('4ac472ed-5e78-4573-b24e-6506198f1f13', '19413e3c-360e-4f6e-bbed-0c6414167074', '96f9a4e8-3e94-4241-9fd9-a99c30a84460', 455, 1, 1, -20);
INSERT INTO round_result (game_id, round_id, player_id, player_score, player_radelc_count, player_radelc_used, round_score_change) VALUES ('4ac472ed-5e78-4573-b24e-6506198f1f13', '19413e3c-360e-4f6e-bbed-0c6414167074', 'b7b81023-5713-47a7-9b64-f9cca650ed03', 480, 1, 1, 0);
INSERT INTO round_result (game_id, round_id, player_id, player_score, player_radelc_count, player_radelc_used, round_score_change) VALUES ('4ac472ed-5e78-4573-b24e-6506198f1f13', '3b4bf4aa-a34c-4430-8675-ca618ae1371b', '33019444-a2ed-4587-945c-ef2e3a5e814c', 370, 2, 1, 0);
INSERT INTO round_result (game_id, round_id, player_id, player_score, player_radelc_count, player_radelc_used, round_score_change) VALUES ('4ac472ed-5e78-4573-b24e-6506198f1f13', '3b4bf4aa-a34c-4430-8675-ca618ae1371b', '67a44a93-ddd3-4355-b84f-be654b1614b9', 335, 2, 1, 0);
INSERT INTO round_result (game_id, round_id, player_id, player_score, player_radelc_count, player_radelc_used, round_score_change) VALUES ('4ac472ed-5e78-4573-b24e-6506198f1f13', '3b4bf4aa-a34c-4430-8675-ca618ae1371b', '96f9a4e8-3e94-4241-9fd9-a99c30a84460', 455, 2, 1, 0);
INSERT INTO round_result (game_id, round_id, player_id, player_score, player_radelc_count, player_radelc_used, round_score_change) VALUES ('4ac472ed-5e78-4573-b24e-6506198f1f13', '3b4bf4aa-a34c-4430-8675-ca618ae1371b', 'b7b81023-5713-47a7-9b64-f9cca650ed03', 410, 2, 1, -70);
INSERT INTO round_result (game_id, round_id, player_id, player_score, player_radelc_count, player_radelc_used, round_score_change) VALUES ('4ac472ed-5e78-4573-b24e-6506198f1f13', 'e7fe1439-7a9f-4531-9a0d-101402c2b8f2', '33019444-a2ed-4587-945c-ef2e3a5e814c', 420, 2, 2, 50);
INSERT INTO round_result (game_id, round_id, player_id, player_score, player_radelc_count, player_radelc_used, round_score_change) VALUES ('4ac472ed-5e78-4573-b24e-6506198f1f13', 'e7fe1439-7a9f-4531-9a0d-101402c2b8f2', '67a44a93-ddd3-4355-b84f-be654b1614b9', 335, 2, 1, 0);
INSERT INTO round_result (game_id, round_id, player_id, player_score, player_radelc_count, player_radelc_used, round_score_change) VALUES ('4ac472ed-5e78-4573-b24e-6506198f1f13', 'e7fe1439-7a9f-4531-9a0d-101402c2b8f2', '96f9a4e8-3e94-4241-9fd9-a99c30a84460', 455, 2, 1, 0);
INSERT INTO round_result (game_id, round_id, player_id, player_score, player_radelc_count, player_radelc_used, round_score_change) VALUES ('4ac472ed-5e78-4573-b24e-6506198f1f13', 'e7fe1439-7a9f-4531-9a0d-101402c2b8f2', 'b7b81023-5713-47a7-9b64-f9cca650ed03', 460, 2, 1, 50);
INSERT INTO round_result (game_id, round_id, player_id, player_score, player_radelc_count, player_radelc_used, round_score_change) VALUES ('4ac472ed-5e78-4573-b24e-6506198f1f13', 'd2b32513-e1f4-40fe-9aec-d4656e770281', '33019444-a2ed-4587-945c-ef2e3a5e814c', 160, 1, 0, 0);
INSERT INTO round_result (game_id, round_id, player_id, player_score, player_radelc_count, player_radelc_used, round_score_change) VALUES ('4ac472ed-5e78-4573-b24e-6506198f1f13', 'd2b32513-e1f4-40fe-9aec-d4656e770281', '67a44a93-ddd3-4355-b84f-be654b1614b9', 185, 1, 0, 55);
INSERT INTO round_result (game_id, round_id, player_id, player_score, player_radelc_count, player_radelc_used, round_score_change) VALUES ('4ac472ed-5e78-4573-b24e-6506198f1f13', 'd2b32513-e1f4-40fe-9aec-d4656e770281', '96f9a4e8-3e94-4241-9fd9-a99c30a84460', 245, 1, 1, 55);
INSERT INTO round_result (game_id, round_id, player_id, player_score, player_radelc_count, player_radelc_used, round_score_change) VALUES ('4ac472ed-5e78-4573-b24e-6506198f1f13', 'd2b32513-e1f4-40fe-9aec-d4656e770281', 'b7b81023-5713-47a7-9b64-f9cca650ed03', 440, 1, 1, 0);
INSERT INTO round_result (game_id, round_id, player_id, player_score, player_radelc_count, player_radelc_used, round_score_change) VALUES ('4ac472ed-5e78-4573-b24e-6506198f1f13', 'f5e6a545-a824-464e-a088-4c05084073d7', '33019444-a2ed-4587-945c-ef2e3a5e814c', 330, 1, 1, 170);
INSERT INTO round_result (game_id, round_id, player_id, player_score, player_radelc_count, player_radelc_used, round_score_change) VALUES ('4ac472ed-5e78-4573-b24e-6506198f1f13', 'f5e6a545-a824-464e-a088-4c05084073d7', '67a44a93-ddd3-4355-b84f-be654b1614b9', 165, 1, 0, -20);
INSERT INTO round_result (game_id, round_id, player_id, player_score, player_radelc_count, player_radelc_used, round_score_change) VALUES ('4ac472ed-5e78-4573-b24e-6506198f1f13', 'f5e6a545-a824-464e-a088-4c05084073d7', '96f9a4e8-3e94-4241-9fd9-a99c30a84460', 415, 1, 1, 170);
INSERT INTO round_result (game_id, round_id, player_id, player_score, player_radelc_count, player_radelc_used, round_score_change) VALUES ('4ac472ed-5e78-4573-b24e-6506198f1f13', 'f5e6a545-a824-464e-a088-4c05084073d7', 'b7b81023-5713-47a7-9b64-f9cca650ed03', 440, 1, 1, 0);
INSERT INTO round_result (game_id, round_id, player_id, player_score, player_radelc_count, player_radelc_used, round_score_change) VALUES ('4ac472ed-5e78-4573-b24e-6506198f1f13', '7c4adae4-3846-497e-ae15-ab24e8b187dc', '33019444-a2ed-4587-945c-ef2e3a5e814c', 240, 2, 2, 0);
INSERT INTO round_result (game_id, round_id, player_id, player_score, player_radelc_count, player_radelc_used, round_score_change) VALUES ('4ac472ed-5e78-4573-b24e-6506198f1f13', '7c4adae4-3846-497e-ae15-ab24e8b187dc', '67a44a93-ddd3-4355-b84f-be654b1614b9', 355, 2, 1, 0);
INSERT INTO round_result (game_id, round_id, player_id, player_score, player_radelc_count, player_radelc_used, round_score_change) VALUES ('4ac472ed-5e78-4573-b24e-6506198f1f13', '7c4adae4-3846-497e-ae15-ab24e8b187dc', '96f9a4e8-3e94-4241-9fd9-a99c30a84460', 770, 2, 2, 40);
INSERT INTO round_result (game_id, round_id, player_id, player_score, player_radelc_count, player_radelc_used, round_score_change) VALUES ('4ac472ed-5e78-4573-b24e-6506198f1f13', '7c4adae4-3846-497e-ae15-ab24e8b187dc', 'b7b81023-5713-47a7-9b64-f9cca650ed03', 665, 2, 2, 40);
INSERT INTO round_result (game_id, round_id, player_id, player_score, player_radelc_count, player_radelc_used, round_score_change) VALUES ('4ac472ed-5e78-4573-b24e-6506198f1f13', '6b1a4eab-dd87-41d4-a261-834f499bf2b0', '33019444-a2ed-4587-945c-ef2e3a5e814c', 240, 2, 2, 0);
INSERT INTO round_result (game_id, round_id, player_id, player_score, player_radelc_count, player_radelc_used, round_score_change) VALUES ('4ac472ed-5e78-4573-b24e-6506198f1f13', '6b1a4eab-dd87-41d4-a261-834f499bf2b0', '67a44a93-ddd3-4355-b84f-be654b1614b9', 395, 2, 1, 40);
INSERT INTO round_result (game_id, round_id, player_id, player_score, player_radelc_count, player_radelc_used, round_score_change) VALUES ('4ac472ed-5e78-4573-b24e-6506198f1f13', '6b1a4eab-dd87-41d4-a261-834f499bf2b0', '96f9a4e8-3e94-4241-9fd9-a99c30a84460', 770, 2, 2, 0);
INSERT INTO round_result (game_id, round_id, player_id, player_score, player_radelc_count, player_radelc_used, round_score_change) VALUES ('4ac472ed-5e78-4573-b24e-6506198f1f13', '6b1a4eab-dd87-41d4-a261-834f499bf2b0', 'b7b81023-5713-47a7-9b64-f9cca650ed03', 705, 2, 2, 40);
INSERT INTO round_result (game_id, round_id, player_id, player_score, player_radelc_count, player_radelc_used, round_score_change) VALUES ('4ac472ed-5e78-4573-b24e-6506198f1f13', '7178cc96-d6fe-43f4-9f90-ae3aa10c0b66', '33019444-a2ed-4587-945c-ef2e3a5e814c', 440, 4, 3, 0);
INSERT INTO round_result (game_id, round_id, player_id, player_score, player_radelc_count, player_radelc_used, round_score_change) VALUES ('4ac472ed-5e78-4573-b24e-6506198f1f13', '7178cc96-d6fe-43f4-9f90-ae3aa10c0b66', '67a44a93-ddd3-4355-b84f-be654b1614b9', 230, 4, 1, -70);
INSERT INTO round_result (game_id, round_id, player_id, player_score, player_radelc_count, player_radelc_used, round_score_change) VALUES ('4ac472ed-5e78-4573-b24e-6506198f1f13', '7178cc96-d6fe-43f4-9f90-ae3aa10c0b66', '96f9a4e8-3e94-4241-9fd9-a99c30a84460', 1140, 4, 4, 0);
INSERT INTO round_result (game_id, round_id, player_id, player_score, player_radelc_count, player_radelc_used, round_score_change) VALUES ('4ac472ed-5e78-4573-b24e-6506198f1f13', '7178cc96-d6fe-43f4-9f90-ae3aa10c0b66', 'b7b81023-5713-47a7-9b64-f9cca650ed03', 1230, 4, 4, 0);
INSERT INTO round_result (game_id, round_id, player_id, player_score, player_radelc_count, player_radelc_used, round_score_change) VALUES ('4ac472ed-5e78-4573-b24e-6506198f1f13', 'cbe90668-4f90-467b-88aa-419e9b6affd8', '33019444-a2ed-4587-945c-ef2e3a5e814c', 440, 4, 3, 0);
INSERT INTO round_result (game_id, round_id, player_id, player_score, player_radelc_count, player_radelc_used, round_score_change) VALUES ('4ac472ed-5e78-4573-b24e-6506198f1f13', 'cbe90668-4f90-467b-88aa-419e9b6affd8', '67a44a93-ddd3-4355-b84f-be654b1614b9', 370, 4, 2, 140);
INSERT INTO round_result (game_id, round_id, player_id, player_score, player_radelc_count, player_radelc_used, round_score_change) VALUES ('4ac472ed-5e78-4573-b24e-6506198f1f13', 'cbe90668-4f90-467b-88aa-419e9b6affd8', '96f9a4e8-3e94-4241-9fd9-a99c30a84460', 1140, 4, 4, 0);
INSERT INTO round_result (game_id, round_id, player_id, player_score, player_radelc_count, player_radelc_used, round_score_change) VALUES ('4ac472ed-5e78-4573-b24e-6506198f1f13', 'cbe90668-4f90-467b-88aa-419e9b6affd8', 'b7b81023-5713-47a7-9b64-f9cca650ed03', 1370, 4, 4, 140);
INSERT INTO round_result (game_id, round_id, player_id, player_score, player_radelc_count, player_radelc_used, round_score_change) VALUES ('4ac472ed-5e78-4573-b24e-6506198f1f13', 'e649ed84-b022-4190-ac00-9ff086f7cb32', '33019444-a2ed-4587-945c-ef2e3a5e814c', 440, 4, 3, 0);
INSERT INTO round_result (game_id, round_id, player_id, player_score, player_radelc_count, player_radelc_used, round_score_change) VALUES ('4ac472ed-5e78-4573-b24e-6506198f1f13', 'e649ed84-b022-4190-ac00-9ff086f7cb32', '67a44a93-ddd3-4355-b84f-be654b1614b9', 440, 4, 2, 70);
INSERT INTO round_result (game_id, round_id, player_id, player_score, player_radelc_count, player_radelc_used, round_score_change) VALUES ('4ac472ed-5e78-4573-b24e-6506198f1f13', 'e649ed84-b022-4190-ac00-9ff086f7cb32', '96f9a4e8-3e94-4241-9fd9-a99c30a84460', 1140, 4, 4, 0);
INSERT INTO round_result (game_id, round_id, player_id, player_score, player_radelc_count, player_radelc_used, round_score_change) VALUES ('4ac472ed-5e78-4573-b24e-6506198f1f13', 'e649ed84-b022-4190-ac00-9ff086f7cb32', 'b7b81023-5713-47a7-9b64-f9cca650ed03', 1440, 4, 4, 70);
INSERT INTO round_result (game_id, round_id, player_id, player_score, player_radelc_count, player_radelc_used, round_score_change) VALUES ('4ac472ed-5e78-4573-b24e-6506198f1f13', 'bc6a6811-ae81-41ee-8913-2d772c8ce6d7', '33019444-a2ed-4587-945c-ef2e3a5e814c', 440, 4, 3, 0);
INSERT INTO round_result (game_id, round_id, player_id, player_score, player_radelc_count, player_radelc_used, round_score_change) VALUES ('4ac472ed-5e78-4573-b24e-6506198f1f13', 'bc6a6811-ae81-41ee-8913-2d772c8ce6d7', '67a44a93-ddd3-4355-b84f-be654b1614b9', 560, 4, 3, 120);
INSERT INTO round_result (game_id, round_id, player_id, player_score, player_radelc_count, player_radelc_used, round_score_change) VALUES ('4ac472ed-5e78-4573-b24e-6506198f1f13', 'bc6a6811-ae81-41ee-8913-2d772c8ce6d7', '96f9a4e8-3e94-4241-9fd9-a99c30a84460', 1140, 4, 4, 0);
INSERT INTO round_result (game_id, round_id, player_id, player_score, player_radelc_count, player_radelc_used, round_score_change) VALUES ('4ac472ed-5e78-4573-b24e-6506198f1f13', 'bc6a6811-ae81-41ee-8913-2d772c8ce6d7', 'b7b81023-5713-47a7-9b64-f9cca650ed03', 1440, 4, 4, 0);
INSERT INTO round_result (game_id, round_id, player_id, player_score, player_radelc_count, player_radelc_used, round_score_change) VALUES ('4ac472ed-5e78-4573-b24e-6506198f1f13', '7abb9802-3c64-417f-bc9d-1cc05dfeb671', '33019444-a2ed-4587-945c-ef2e3a5e814c', 440, 4, 3, 0);
INSERT INTO round_result (game_id, round_id, player_id, player_score, player_radelc_count, player_radelc_used, round_score_change) VALUES ('4ac472ed-5e78-4573-b24e-6506198f1f13', '7abb9802-3c64-417f-bc9d-1cc05dfeb671', '67a44a93-ddd3-4355-b84f-be654b1614b9', 605, 4, 3, 45);
INSERT INTO round_result (game_id, round_id, player_id, player_score, player_radelc_count, player_radelc_used, round_score_change) VALUES ('4ac472ed-5e78-4573-b24e-6506198f1f13', '7abb9802-3c64-417f-bc9d-1cc05dfeb671', '96f9a4e8-3e94-4241-9fd9-a99c30a84460', 1140, 4, 4, 0);
INSERT INTO round_result (game_id, round_id, player_id, player_score, player_radelc_count, player_radelc_used, round_score_change) VALUES ('4ac472ed-5e78-4573-b24e-6506198f1f13', '7abb9802-3c64-417f-bc9d-1cc05dfeb671', 'b7b81023-5713-47a7-9b64-f9cca650ed03', 1485, 4, 4, 45);
INSERT INTO round_result (game_id, round_id, player_id, player_score, player_radelc_count, player_radelc_used, round_score_change) VALUES ('4ac472ed-5e78-4573-b24e-6506198f1f13', '58497a1f-c5e6-442f-a7b7-75ed21fd8ff4', '33019444-a2ed-4587-945c-ef2e3a5e814c', 440, 4, 3, 0);
INSERT INTO round_result (game_id, round_id, player_id, player_score, player_radelc_count, player_radelc_used, round_score_change) VALUES ('4ac472ed-5e78-4573-b24e-6506198f1f13', '58497a1f-c5e6-442f-a7b7-75ed21fd8ff4', '67a44a93-ddd3-4355-b84f-be654b1614b9', 605, 4, 3, 0);
INSERT INTO round_result (game_id, round_id, player_id, player_score, player_radelc_count, player_radelc_used, round_score_change) VALUES ('4ac472ed-5e78-4573-b24e-6506198f1f13', '58497a1f-c5e6-442f-a7b7-75ed21fd8ff4', '96f9a4e8-3e94-4241-9fd9-a99c30a84460', 1220, 4, 4, 80);
INSERT INTO round_result (game_id, round_id, player_id, player_score, player_radelc_count, player_radelc_used, round_score_change) VALUES ('4ac472ed-5e78-4573-b24e-6506198f1f13', '58497a1f-c5e6-442f-a7b7-75ed21fd8ff4', 'b7b81023-5713-47a7-9b64-f9cca650ed03', 1485, 4, 4, 0);
INSERT INTO round_result (game_id, round_id, player_id, player_score, player_radelc_count, player_radelc_used, round_score_change) VALUES ('4ac472ed-5e78-4573-b24e-6506198f1f13', '07f98a55-58a6-4b81-8543-f12f0252b77f', '33019444-a2ed-4587-945c-ef2e3a5e814c', 440, 4, 3, 0);
INSERT INTO round_result (game_id, round_id, player_id, player_score, player_radelc_count, player_radelc_used, round_score_change) VALUES ('4ac472ed-5e78-4573-b24e-6506198f1f13', '07f98a55-58a6-4b81-8543-f12f0252b77f', '67a44a93-ddd3-4355-b84f-be654b1614b9', 605, 4, 3, 0);
INSERT INTO round_result (game_id, round_id, player_id, player_score, player_radelc_count, player_radelc_used, round_score_change) VALUES ('4ac472ed-5e78-4573-b24e-6506198f1f13', '07f98a55-58a6-4b81-8543-f12f0252b77f', '96f9a4e8-3e94-4241-9fd9-a99c30a84460', 1200, 4, 4, -20);
INSERT INTO round_result (game_id, round_id, player_id, player_score, player_radelc_count, player_radelc_used, round_score_change) VALUES ('4ac472ed-5e78-4573-b24e-6506198f1f13', '07f98a55-58a6-4b81-8543-f12f0252b77f', 'b7b81023-5713-47a7-9b64-f9cca650ed03', 1465, 4, 4, -20);
INSERT INTO round_result (game_id, round_id, player_id, player_score, player_radelc_count, player_radelc_used, round_score_change) VALUES ('4ac472ed-5e78-4573-b24e-6506198f1f13', 'fde7de87-d7df-4c38-80b3-824e8eef1323', '33019444-a2ed-4587-945c-ef2e3a5e814c', 410, 4, 3, -30);
INSERT INTO round_result (game_id, round_id, player_id, player_score, player_radelc_count, player_radelc_used, round_score_change) VALUES ('4ac472ed-5e78-4573-b24e-6506198f1f13', 'fde7de87-d7df-4c38-80b3-824e8eef1323', '67a44a93-ddd3-4355-b84f-be654b1614b9', 585, 4, 3, -20);
INSERT INTO round_result (game_id, round_id, player_id, player_score, player_radelc_count, player_radelc_used, round_score_change) VALUES ('4ac472ed-5e78-4573-b24e-6506198f1f13', 'fde7de87-d7df-4c38-80b3-824e8eef1323', '96f9a4e8-3e94-4241-9fd9-a99c30a84460', 1170, 4, 4, -30);
INSERT INTO round_result (game_id, round_id, player_id, player_score, player_radelc_count, player_radelc_used, round_score_change) VALUES ('4ac472ed-5e78-4573-b24e-6506198f1f13', 'fde7de87-d7df-4c38-80b3-824e8eef1323', 'b7b81023-5713-47a7-9b64-f9cca650ed03', 1465, 4, 4, 0);
INSERT INTO round_result (game_id, round_id, player_id, player_score, player_radelc_count, player_radelc_used, round_score_change) VALUES ('4ac472ed-5e78-4573-b24e-6506198f1f13', '25d872c8-a682-4e1b-8425-c3954d56230c', '33019444-a2ed-4587-945c-ef2e3a5e814c', 410, 5, 3, 0);
INSERT INTO round_result (game_id, round_id, player_id, player_score, player_radelc_count, player_radelc_used, round_score_change) VALUES ('4ac472ed-5e78-4573-b24e-6506198f1f13', '25d872c8-a682-4e1b-8425-c3954d56230c', '67a44a93-ddd3-4355-b84f-be654b1614b9', 585, 5, 3, 0);
INSERT INTO round_result (game_id, round_id, player_id, player_score, player_radelc_count, player_radelc_used, round_score_change) VALUES ('4ac472ed-5e78-4573-b24e-6506198f1f13', '25d872c8-a682-4e1b-8425-c3954d56230c', '96f9a4e8-3e94-4241-9fd9-a99c30a84460', 1170, 5, 4, 0);
INSERT INTO round_result (game_id, round_id, player_id, player_score, player_radelc_count, player_radelc_used, round_score_change) VALUES ('4ac472ed-5e78-4573-b24e-6506198f1f13', '25d872c8-a682-4e1b-8425-c3954d56230c', 'b7b81023-5713-47a7-9b64-f9cca650ed03', 1535, 5, 4, 70);
INSERT INTO round_result (game_id, round_id, player_id, player_score, player_radelc_count, player_radelc_used, round_score_change) VALUES ('4ac472ed-5e78-4573-b24e-6506198f1f13', '00f43b6a-d12d-4a8c-b0d6-d067c8cd15c1', '33019444-a2ed-4587-945c-ef2e3a5e814c', 410, 6, 4, null);
INSERT INTO round_result (game_id, round_id, player_id, player_score, player_radelc_count, player_radelc_used, round_score_change) VALUES ('4ac472ed-5e78-4573-b24e-6506198f1f13', '00f43b6a-d12d-4a8c-b0d6-d067c8cd15c1', '67a44a93-ddd3-4355-b84f-be654b1614b9', 585, 6, 3, null);
INSERT INTO round_result (game_id, round_id, player_id, player_score, player_radelc_count, player_radelc_used, round_score_change) VALUES ('4ac472ed-5e78-4573-b24e-6506198f1f13', '00f43b6a-d12d-4a8c-b0d6-d067c8cd15c1', '96f9a4e8-3e94-4241-9fd9-a99c30a84460', 990, 6, 4, null);
INSERT INTO round_result (game_id, round_id, player_id, player_score, player_radelc_count, player_radelc_used, round_score_change) VALUES ('4ac472ed-5e78-4573-b24e-6506198f1f13', '00f43b6a-d12d-4a8c-b0d6-d067c8cd15c1', 'b7b81023-5713-47a7-9b64-f9cca650ed03', 1585, 6, 5, null);
INSERT INTO team (team_id, team_name, passphrase, team_user_id, salt) VALUES ('a75b7d1c-709d-4116-8d2b-0665841b3981', 'hribi team', E'\\xAAC4E29B84B77E5ED768687EA0F991F73F9A4EA244A01A9EE66371AAF298411B', 'hribovci', E'\\xD76DE1CB743D5ED0AC1C842A6E6683733955C7EA71AD06A84A64A2264A6C6D9F');
INSERT INTO team_access_token (team_id, access_token, date_issued) VALUES ('a75b7d1c-709d-4116-8d2b-0665841b3981', 'a84b8c21-09e3-4584-804b-efb0db7205cc', '2018-03-11');
INSERT INTO team_player (team_id, player_id, name) VALUES ('a75b7d1c-709d-4116-8d2b-0665841b3981', '33019444-a2ed-4587-945c-ef2e3a5e814c', 'Luka');
INSERT INTO team_player (team_id, player_id, name) VALUES ('a75b7d1c-709d-4116-8d2b-0665841b3981', 'b7b81023-5713-47a7-9b64-f9cca650ed03', 'Jan');
INSERT INTO team_player (team_id, player_id, name) VALUES ('a75b7d1c-709d-4116-8d2b-0665841b3981', '96f9a4e8-3e94-4241-9fd9-a99c30a84460', 'Nejc');
INSERT INTO team_player (team_id, player_id, name) VALUES ('a75b7d1c-709d-4116-8d2b-0665841b3981', '67a44a93-ddd3-4355-b84f-be654b1614b9', 'Erik');